{"rmse": 0.9794920074387623, "mae": 0.7823951145696074, "prec10t4": 0.7857297530771192, "tailprec10t4": 0.7425054187511945, "prec10t4_frac": 0.9913166929463617, "tailprec10t4_frac": 0.9584673730041586, "prec5t4": 0.8099968199591425, "tailprec5t4": 0.7624541474407426, "prec5t4_frac": 0.9913166929463617, "tailprec5t4_frac": 0.9584673730041586, "rec10t4": 0.6316652431042322, "tailrec10t4": 0.7310061488435011, "rec10t4_frac": 0.9913166929463617, "tailrec10t4_frac": 0.9584673730041586, "rec5t4": 0.43536756704458923, "tailrec5t4": 0.5560972944139496, "rec5t4_frac": 0.9913166929463617, "tailrec5t4_frac": 0.9584673730041586, "ndcg10": 0.7729295458164047, "tailndcg10": 0.7556391817204099, "ndcg10_frac": 0.7232870936361351, "tailndcg10_frac": 0.5698442255672974, "ndcg5": 0.7665748638657364, "tailndcg5": 0.7476980903541296, "ndcg5_frac": 0.9259912768885006, "tailndcg5_frac": 0.7904199169776026, "ndcgfull": 0.9028117211169692, "tailndcgfull": 0.8996550985963891, "ndcgfull_frac": 1.0, "tailndcgfull_frac": 1.0, "hits": 14.488462924255685, "tailhits": 9.155228469597947, "hits_frac": 1.0, "tailhits_frac": 1.0, "normhits": 0.747381042144004, "tailnormhits": 0.7184222107664863, "normhits_frac": 0.9913166929463617, "tailnormhits_frac": 0.9584673730041586, "avgrating": 3.702850090758313, "tailavgrating": 3.5531289191178757, "avgrating_frac": 1.0, "tailavgrating_frac": 1.0, "avgest": 3.662394063732921, "tailavgest": 3.4953325831310176, "avgest_frac": 1.0, "tailavgest_frac": 1.0, "falsepos": 4.578253153760829, "tailfalsepos": 3.344786455216468, "falsepos_frac": 1.0, "tailfalsepos_frac": 1.0, "totalhits": 87429.2, "tailtotalhits": 54621.8, "totalhits_frac": 1.0, "tailtotalhits_frac": 1.0}