{"rmse": 0.9145014980989858, "mae": 0.719799338769903, "prec10t4": 0.7983715115208287, "tailprec10t4": 0.748208646326441, "prec10t4_frac": 0.9913166929463617, "tailprec10t4_frac": 0.9584673730041586, "prec5t4": 0.82393208255523, "tailprec5t4": 0.7708328451107014, "prec5t4_frac": 0.9913166929463617, "tailprec5t4_frac": 0.9584673730041586, "rec10t4": 0.6376271943855437, "tailrec10t4": 0.7354212171866102, "rec10t4_frac": 0.9913166929463617, "tailrec10t4_frac": 0.9584673730041586, "rec5t4": 0.4386122053806723, "tailrec5t4": 0.5597211572213489, "rec5t4_frac": 0.9913166929463617, "tailrec5t4_frac": 0.9584673730041586, "ndcg10": 0.7867826424218961, "tailndcg10": 0.7667585705835335, "ndcg10_frac": 0.7232870936361351, "tailndcg10_frac": 0.5698442255672974, "ndcg5": 0.7772917425980389, "tailndcg5": 0.7571620139492355, "ndcg5_frac": 0.9259912768885006, "tailndcg5_frac": 0.7904199169776026, "ndcgfull": 0.9055121799696435, "tailndcgfull": 0.9011776205237018, "ndcgfull_frac": 1.0, "tailndcgfull_frac": 1.0, "hits": 14.591633416798988, "tailhits": 9.17256384207982, "hits_frac": 1.0, "tailhits_frac": 1.0, "normhits": 0.7527858189100051, "tailnormhits": 0.7200302860647569, "normhits_frac": 0.9913166929463617, "tailnormhits_frac": 0.9584673730041586, "avgrating": 3.702850090758313, "tailavgrating": 3.5531289191178757, "avgrating_frac": 1.0, "tailavgrating_frac": 1.0, "avgest": 3.757146157060993, "tailavgest": 3.69330687162019, "avgest_frac": 1.0, "tailavgest_frac": 1.0, "falsepos": 4.475082661217526, "tailfalsepos": 3.3274510827345942, "falsepos_frac": 1.0, "tailfalsepos_frac": 1.0, "totalhits": 88051.8, "tailtotalhits": 54725.2, "totalhits_frac": 1.0, "tailtotalhits_frac": 1.0}