{"rmse": 0.8738428731833604, "mae": 0.6857279962362035, "prec10t4": 0.8031123165727634, "prec10t4_frac_all": 0.991516616754657, "prec5t4": 0.8303993195415389, "prec5t4_frac_all": 0.991516616754657, "rec10t4": 0.6397372393485321, "rec10t4_frac_all": 0.991516616754657, "rec5t4": 0.4414021745383412, "rec5t4_frac_all": 0.991516616754657, "ndcg10": 0.7931283657105702, "ndcg10_frac_all": 0.7245914071100843, "ndcg5": 0.7841896341237944, "ndcg5_frac_all": 0.9260030740756685, "ndcgfull": 0.9092302409791163, "ndcgfull_frac_all": 1.0, "prec10t4_frac": 0.991516616754657, "prec5t4_frac": 0.991516616754657, "rec10t4_frac": 0.991516616754657, "rec5t4_frac": 0.991516616754657, "ndcg10_frac": 0.7245914071100843, "ndcg5_frac": 0.9260030740756685, "ndcgfull_frac": 1.0, "tailprec10t4": 0.7576225075928364, "tailprec5t4": 0.7797477163673862, "tailrec10t4": 0.7376668403056057, "tailrec5t4": 0.5638456388379558, "tailndcg10": 0.7713831946430438, "tailndcg5": 0.7623785380142386, "tailndcgfull": 0.904354009833497}