{"rmse": 0.8854826539625993, "mae": 0.6951644091471145, "prec10t4": 0.7996180529706427, "prec10t4_frac_all": 0.9911858034534567, "prec5t4": 0.8260804444575449, "prec5t4_frac_all": 0.9911858034534567, "rec10t4": 0.6380516584739345, "rec10t4_frac_all": 0.9911858034534567, "rec5t4": 0.4395690090608232, "rec5t4_frac_all": 0.9911858034534567, "ndcg10": 0.7917576771996123, "ndcg10_frac_all": 0.724965476953486, "ndcg5": 0.7835199359476307, "ndcg5_frac_all": 0.9250777456902423, "ndcgfull": 0.9083991352840053, "ndcgfull_frac_all": 1.0, "prec10t4_frac": 0.9911858034534567, "prec5t4_frac": 0.9911858034534567, "rec10t4_frac": 0.9911858034534567, "rec5t4_frac": 0.9911858034534567, "ndcg10_frac": 0.724965476953486, "ndcg5_frac": 0.9250777456902423, "ndcgfull_frac": 1.0, "tailprec10t4": 0.7555507250557071, "tailprec5t4": 0.778499561788332, "tailrec10t4": 0.7368031942076201, "tailrec5t4": 0.5619365175704976, "tailndcg10": 0.7707049537755648, "tailndcg5": 0.7630627162754585, "tailndcgfull": 0.9050730536316509}