{"rmse": 1.1171012885302827, "mae": 0.9338613324692592, "prec10t4": 0.6286053792929247, "prec10t4_frac_all": 0.9912877310009, "prec5t4": 0.6287751517832533, "prec5t4_frac_all": 0.9912877310009, "rec10t4": 0.5707370348236356, "rec10t4_frac_all": 0.9912877310009, "rec5t4": 0.37045629744062075, "rec5t4_frac_all": 0.9912877310009, "ndcg10": 0.5918159485443953, "ndcg10_frac_all": 0.7256768848051779, "ndcg5": 0.5779225947521192, "ndcg5_frac_all": 0.9231123411552161, "ndcgfull": 0.8271921688007259, "ndcgfull_frac_all": 1.0, "prec10t4_frac": 0.9912877310009, "prec5t4_frac": 0.9912877310009, "rec10t4_frac": 0.9912877310009, "rec5t4_frac": 0.9912877310009, "ndcg10_frac": 0.7256768848051779, "ndcg5_frac": 0.9231123411552161, "ndcgfull_frac": 1.0, "tailprec10t4": 0.59123388657214, "tailprec5t4": 0.5901673491349253, "tailrec10t4": 0.673328293423906, "tailrec5t4": 0.4891206818960331, "tailndcg10": 0.5874882254089473, "tailndcg5": 0.5801834108746202, "tailndcgfull": 0.8315356201587505}