{"rmse": 1.1171031758416845, "mae": 0.9338644598276286, "prec10t4": 0.627159149472154, "prec5t4": 0.6274377011413483, "rec10t4": 0.5698208118305473, "rec5t4": 0.3706497703510418, "ndcg10": 0.5900681720677867, "ndcg5": 0.5798606207877016, "ndcgfull": 0.8275419808013744, "hits": 0.0, "normhits": 0.0, "prec10t4_frac": 0.9913166929463617, "prec5t4_frac": 0.9913166929463617, "rec10t4_frac": 0.9913166929463617, "rec5t4_frac": 0.9913166929463617, "ndcg10_frac": 0.7232870936361351, "ndcg5_frac": 0.9259912768885006, "ndcgfull_frac": 1.0, "hits_frac": 1.0, "normhits_frac": 0.9913166929463617, "tailprec10t4": 0.591230003852799, "tailprec5t4": 0.5905137732429983, "tailrec10t4": 0.6708592229958363, "tailrec5t4": 0.48839778503070386, "tailndcg10": 0.5851397376211487, "tailndcg5": 0.5793878718981182, "tailndcgfull": 0.8322095811818612, "tailhits": 0.0, "tailnormhits": 0.0}
{"rmse": 1.1171031758416845, "mae": 0.9338644598276286, "prec10t4": 0.627159149472154, "prec5t4": 0.6274377011413483, "rec10t4": 0.5698208118305473, "rec5t4": 0.3706497703510418, "ndcg10": 0.5900681720677867, "ndcg5": 0.5798606207877016, "ndcgfull": 0.8275419808013744, "hits": 0.0, "normhits": 0.0, "prec10t4_frac": 0.9913166929463617, "prec5t4_frac": 0.9913166929463617, "rec10t4_frac": 0.9913166929463617, "rec5t4_frac": 0.9913166929463617, "ndcg10_frac": 0.7232870936361351, "ndcg5_frac": 0.9259912768885006, "ndcgfull_frac": 1.0, "hits_frac": 1.0, "normhits_frac": 0.9913166929463617, "tailprec10t4": 0.591230003852799, "tailprec5t4": 0.5905137732429983, "tailrec10t4": 0.6708592229958363, "tailrec5t4": 0.48839778503070386, "tailndcg10": 0.5851397376211487, "tailndcg5": 0.5793878718981182, "tailndcgfull": 0.8322095811818612, "tailhits": 0.0, "tailnormhits": 0.0}
>>>>>>> 23bf4e50df3960930c0ba21e83c9579320ce4b57
=======
{"rmse": 1.1171031758416845, "mae": 0.9338644598276286, "prec10t4": 0.627159149472154, "prec5t4": 0.6274377011413483, "rec10t4": 0.5698208118305473, "rec5t4": 0.3706497703510418, "ndcg10": 0.5900681720677867, "ndcg5": 0.5798606207877016, "ndcgfull": 0.8275419808013744, "hits": 0.0, "normhits": 0.0, "prec10t4_frac": 0.9913166929463617, "prec5t4_frac": 0.9913166929463617, "rec10t4_frac": 0.9913166929463617, "rec5t4_frac": 0.9913166929463617, "ndcg10_frac": 0.7232870936361351, "ndcg5_frac": 0.9259912768885006, "ndcgfull_frac": 1.0, "hits_frac": 1.0, "normhits_frac": 0.9913166929463617, "tailprec10t4": 0.591230003852799, "tailprec5t4": 0.5905137732429983, "tailrec10t4": 0.6708592229958363, "tailrec5t4": 0.48839778503070386, "tailndcg10": 0.5851397376211487, "tailndcg5": 0.5793878718981182, "tailndcgfull": 0.8322095811818612, "tailhits": 0.0, "tailnormhits": 0.0}
>>>>>>> 32dda6240ba9e222f4fe57d43c26f8ccdf867772
