{"rmse": 0.9793962700220427, "mae": 0.7823180720973182, "prec10t4": 0.7854075749899612, "prec10t4_frac_all": 0.9918480769035719, "prec5t4": 0.8098471947928141, "prec5t4_frac_all": 0.9918480769035719, "rec10t4": 0.6318584936712226, "rec10t4_frac_all": 0.9918480769035719, "rec5t4": 0.43537431775533897, "rec5t4_frac_all": 0.9918480769035719, "ndcg10": 0.7734153983354994, "ndcg10_frac_all": 0.7237300040188224, "ndcg5": 0.7667858248141186, "ndcg5_frac_all": 0.9253076402104614, "ndcgfull": 0.9028800168355138, "ndcgfull_frac_all": 1.0, "prec10t4_frac": 0.9918480769035719, "prec5t4_frac": 0.9918480769035719, "rec10t4_frac": 0.9918480769035719, "rec5t4_frac": 0.9918480769035719, "ndcg10_frac": 0.7237300040188224, "ndcg5_frac": 0.9253076402104614, "ndcgfull_frac": 1.0, "tailprec10t4": 0.7448994587740639, "tailprec5t4": 0.7640731541242065, "tailrec10t4": 0.7327900016092623, "tailrec5t4": 0.5566095768278316, "tailndcg10": 0.7564130040211843, "tailndcg5": 0.7473841101913671, "tailndcgfull": 0.9000693620830444}