{"rmse": 0.9794920074387623, "mae": 0.7823951145696074, "prec10t4": 0.7857431226286666, "prec5t4": 0.8100034999858625, "rec10t4": 0.6316635497699932, "rec5t4": 0.4353742470713094, "ndcg10": 0.7729285327293374, "ndcg5": 0.7665787009612919, "ndcgfull": 0.902811216729458, "hits": 6.416193996408464, "normhits": 0.3807773014633114, "prec10t4_frac": 0.9913166929463617, "prec5t4_frac": 0.9913166929463617, "rec10t4_frac": 0.9913166929463617, "rec5t4_frac": 0.9913166929463617, "ndcg10_frac": 0.7232870936361351, "ndcg5_frac": 0.9259912768885006, "ndcgfull_frac": 1.0, "hits_frac": 1.0, "normhits_frac": 0.9913166929463617, "tailprec10t4": 0.7425053760401445, "tailprec5t4": 0.7624681361466176, "tailrec10t4": 0.7310041137136404, "tailrec5t4": 0.5561050398264873, "tailndcg10": 0.7556226914062316, "tailndcg5": 0.7477008080683822, "tailndcgfull": 0.8996475945585194, "tailhits": 2.682607279022848, "tailnormhits": 0.22771450538411772}
