{"rmse": 0.8852823334459599, "mae": 0.6950179086087236, "prec10t4": 0.799421311575089, "prec10t4_frac_all": 0.9915819624054224, "prec5t4": 0.8256561688411873, "prec5t4_frac_all": 0.9915819624054224, "rec10t4": 0.6377439935370777, "rec10t4_frac_all": 0.9915819624054224, "rec5t4": 0.43924519719409655, "rec5t4_frac_all": 0.9915819624054224, "ndcg10": 0.7915140837276182, "ndcg10_frac_all": 0.7251275822793853, "ndcg5": 0.783261455894973, "ndcg5_frac_all": 0.9254979652738033, "ndcgfull": 0.9083620514878785, "ndcgfull_frac_all": 1.0, "prec10t4_frac": 0.9915819624054224, "prec5t4_frac": 0.9915819624054224, "rec10t4_frac": 0.9915819624054224, "rec5t4_frac": 0.9915819624054224, "ndcg10_frac": 0.7251275822793853, "ndcg5_frac": 0.9254979652738033, "ndcgfull_frac": 1.0, "tailprec10t4": 0.7537423426977258, "tailprec5t4": 0.7768341514048787, "tailrec10t4": 0.7373357477910017, "tailrec5t4": 0.562293518453933, "tailndcg10": 0.7718348407432065, "tailndcg5": 0.7631950645216553, "tailndcgfull": 0.9045434062162435}