{
    "rmse": 0.8734292086326507,
    "mae": 0.68565924974011,
    "prec10t4": 0.8044081587412997,
    "tailprec10t4": 0.7569936857991829,
    "prec10t4_frac": 0.9913166929463617,
    "tailprec10t4_frac": 0.9584673730041586,
    "prec5t4": 0.8324186515278518,
    "tailprec5t4": 0.7786251195325559,
    "prec5t4_frac": 0.9913166929463617,
    "tailprec5t4_frac": 0.9584673730041586,
    "rec10t4": 0.6396538707395909,
    "tailrec10t4": 0.7384496740173152,
    "rec10t4_frac": 0.9913166929463617,
    "tailrec10t4_frac": 0.9584673730041586,
    "rec5t4": 0.4414764047881709,
    "tailrec5t4": 0.5623463387163572,
    "rec5t4_frac": 0.9913166929463617,
    "tailrec5t4_frac": 0.9584673730041586,
    "ndcg10": 0.7935157850853501,
    "tailndcg10": 0.77371203171284,
    "ndcg10_frac": 0.7232870936361351,
    "tailndcg10_frac": 0.5698442255672974,
    "ndcg5": 0.7859252131046933,
    "tailndcg5": 0.7632883119130855,
    "ndcg5_frac": 0.9259912768885006,
    "tailndcg5_frac": 0.7904199169776026,
    "ndcgfull": 0.9097479696618601,
    "tailndcgfull": 0.9051798237113537,
    "ndcgfull_frac": 1.0,
    "tailndcgfull_frac": 1.0,
    "hits": 14.75632421589539,
    "tailhits": 9.322411023328769,
    "hits_frac": 1.0,
    "tailhits_frac": 1.0,
    "normhits": 0.7593777813214053,
    "tailnormhits": 0.7292820919204536,
    "normhits_frac": 0.9913166929463617,
    "tailnormhits_frac": 0.9584673730041586,
    "avgrating": 3.702850090758313,
    "tailavgrating": 3.5531289191178757,
    "avgrating_frac": 1.0,
    "tailavgrating_frac": 1.0,
    "avgest": 3.698830121286361,
    "tailavgest": 3.5576420697835696,
    "avgest_frac": 1.0,
    "tailavgest_frac": 1.0,
    "falsepos": 4.310391862121126,
    "tailfalsepos": 3.1776039014856456,
    "falsepos_frac": 1.0,
    "tailfalsepos_frac": 1.0,
    "totalhits": 89045.6,
    "tailtotalhits": 55619.2,
    "totalhits_frac": 1.0,
    "tailtotalhits_frac": 1.0
}