{"rmse": 1.1171006772840932, "mae": 0.9338611015520639, "prec10t4": 0.627793951772331, "prec10t4_frac_all": 0.9919802134408731, "prec5t4": 0.6274281086478212, "prec5t4_frac_all": 0.9919802134408731, "rec10t4": 0.570994079656652, "rec10t4_frac_all": 0.9919802134408731, "rec5t4": 0.3706279995218803, "rec5t4_frac_all": 0.9919802134408731, "ndcg10": 0.5921815997036137, "ndcg10_frac_all": 0.7239353365313237, "ndcg5": 0.5788207078004979, "ndcg5_frac_all": 0.9253330727428952, "ndcgfull": 0.8272387945065123, "ndcgfull_frac_all": 1.0, "prec10t4_frac": 0.9919802134408731, "prec5t4_frac": 0.9919802134408731, "rec10t4_frac": 0.9919802134408731, "rec5t4_frac": 0.9919802134408731, "ndcg10_frac": 0.7239353365313237, "ndcg5_frac": 0.9253330727428952, "ndcgfull_frac": 1.0, "tailprec10t4": 0.5908221801814888, "tailprec5t4": 0.59100930396628, "tailrec10t4": 0.6718273697543272, "tailrec5t4": 0.48905017762396996, "tailndcg10": 0.5852455563082163, "tailndcg5": 0.5796336726667536, "tailndcgfull": 0.8319625659915421}