{"rmse": 0.8738937258268422, "mae": 0.6861695403414771, "prec10t4": 0.8035561666164517, "prec10t4_frac_all": 0.991717904358947, "prec5t4": 0.8304768112820538, "prec5t4_frac_all": 0.991717904358947, "rec10t4": 0.6400262515264532, "rec10t4_frac_all": 0.991717904358947, "rec5t4": 0.44194009353716285, "rec5t4_frac_all": 0.991717904358947, "ndcg10": 0.7934699275627399, "ndcg10_frac_all": 0.7253695896398364, "ndcg5": 0.7845470579242851, "ndcg5_frac_all": 0.9252634734863283, "ndcgfull": 0.9092223545941135, "ndcgfull_frac_all": 1.0, "prec10t4_frac": 0.991717904358947, "prec5t4_frac": 0.991717904358947, "rec10t4_frac": 0.991717904358947, "rec5t4_frac": 0.991717904358947, "ndcg10_frac": 0.7253695896398364, "ndcg5_frac": 0.9252634734863283, "ndcgfull_frac": 1.0, "tailprec10t4": 0.7576885503570141, "tailprec5t4": 0.7794556304289679, "tailrec10t4": 0.7390586373884055, "tailrec5t4": 0.5642669614296469, "tailndcg10": 0.7729129845829772, "tailndcg5": 0.7627927390341546, "tailndcgfull": 0.9043756283799558}