{"rmse": 0.9793630200250094, "mae": 0.7822569116137426, "prec10t4": 0.7865860052629863, "prec10t4_frac_all": 0.9912859977598576, "prec5t4": 0.8101890431889032, "prec5t4_frac_all": 0.9912859977598576, "rec10t4": 0.6313329180981238, "rec10t4_frac_all": 0.9912859977598576, "rec5t4": 0.4354167864363929, "rec5t4_frac_all": 0.9912859977598576, "ndcg10": 0.7737188930944405, "ndcg10_frac_all": 0.7255555436446437, "ndcg5": 0.7664809389297366, "ndcg5_frac_all": 0.9259134174719759, "ndcgfull": 0.9028243439975642, "ndcgfull_frac_all": 1.0, "prec10t4_frac": 0.9912859977598576, "prec5t4_frac": 0.9912859977598576, "rec10t4_frac": 0.9912859977598576, "rec5t4_frac": 0.9912859977598576, "ndcg10_frac": 0.7255555436446437, "ndcg5_frac": 0.9259134174719759, "ndcgfull_frac": 1.0, "tailprec10t4": 0.7423922606778108, "tailprec5t4": 0.7626453722765005, "tailrec10t4": 0.7324657397753318, "tailrec5t4": 0.5562994194274447, "tailndcg10": 0.7557266156707143, "tailndcg5": 0.7473162179365141, "tailndcgfull": 0.899600533429459}