{"rmse": 0.9228654343013405, "mae": 0.7273729672159204, "prec10t4": 0.7931013730118013, "tailprec10t4": 0.7519264573146349, "prec10t4_frac": 0.9913166929463617, "tailprec10t4_frac": 0.9584673730041586, "prec5t4": 0.8174499745494822, "tailprec5t4": 0.772784530143769, "prec5t4_frac": 0.9913166929463617, "tailprec5t4_frac": 0.9584673730041586, "rec10t4": 0.6347275394541072, "tailrec10t4": 0.7352821063391193, "rec10t4_frac": 0.9913166929463617, "tailrec10t4_frac": 0.9584673730041586, "rec5t4": 0.437113626290878, "tailrec5t4": 0.5600449846490259, "rec5t4_frac": 0.9913166929463617, "tailrec5t4_frac": 0.9584673730041586, "ndcg10": 0.778462396927562, "tailndcg10": 0.7653785985882198, "ndcg10_frac": 0.7232870936361351, "tailndcg10_frac": 0.5698442255672974, "ndcg5": 0.7703040487755362, "tailndcg5": 0.7565677879383302, "ndcg5_frac": 0.9259912768885006, "tailndcg5_frac": 0.7904199169776026, "ndcgfull": 0.9043139241808958, "tailndcgfull": 0.903116094453515, "ndcgfull_frac": 1.0, "tailndcgfull_frac": 1.0, "hits": 14.620236445820467, "tailhits": 9.260219921526579, "hits_frac": 1.0, "tailhits_frac": 1.0, "normhits": 0.7526916514045496, "tailnormhits": 0.7258672433466021, "normhits_frac": 0.9913166929463617, "tailnormhits_frac": 0.9584673730041586, "avgrating": 3.702850090758313, "tailavgrating": 3.5531289191178757, "avgrating_frac": 1.0, "tailavgrating_frac": 1.0, "avgest": 3.7548912537036934, "tailavgest": 3.604439543873846, "avgest_frac": 1.0, "tailavgest_frac": 1.0, "falsepos": 4.446479632196048, "tailfalsepos": 3.239795003287837, "falsepos_frac": 1.0, "tailfalsepos_frac": 1.0, "totalhits": 88224.4, "tailtotalhits": 55248.2, "totalhits_frac": 1.0, "tailtotalhits_frac": 1.0}