{"rmse": 0.8734292086326507, "mae": 0.68565924974011, "prec10t4": 0.8044114987546598, "prec5t4": 0.832385186577401, "rec10t4": 0.6396541771628348, "rec5t4": 0.44147382681801606, "ndcg10": 0.7934106085222304, "ndcg5": 0.7857859135103992, "ndcgfull": 0.9097292631101237, "hits": 8.664653442244026, "normhits": 0.43876577376651615, "prec10t4_frac": 0.9913166929463617, "prec5t4_frac": 0.9913166929463617, "rec10t4_frac": 0.9913166929463617, "rec5t4_frac": 0.9913166929463617, "ndcg10_frac": 0.7232870936361351, "ndcg5_frac": 0.9259912768885006, "ndcgfull_frac": 1.0, "hits_frac": 1.0, "normhits_frac": 0.9913166929463617, "tailprec10t4": 0.7569902032987477, "tailprec5t4": 0.7786180214877347, "tailrec10t4": 0.7384493602785371, "tailrec5t4": 0.5623468629079502, "tailndcg10": 0.7736742273227576, "tailndcg5": 0.7632810915172558, "tailndcgfull": 0.9051849092765112, "tailhits": 4.737727233897841, "tailnormhits": 0.3416599163899151}