{"rmse": 1.1171031758416845, "mae": 0.9338644598276286, "prec10t4": 0.6277785500551665, "tailprec10t4": 0.5929992829069535, "prec10t4_frac": 0.9913166929463617, "tailprec10t4_frac": 0.9584673730041586, "prec5t4": 0.6280696889987722, "tailprec5t4": 0.5927243529839601, "prec5t4_frac": 0.9913166929463617, "tailprec5t4_frac": 0.9584673730041586, "rec10t4": 0.56988183879347, "tailrec10t4": 0.6718158115407232, "rec10t4_frac": 0.9913166929463617, "tailrec10t4_frac": 0.9584673730041586, "rec5t4": 0.3707039018014985, "tailrec5t4": 0.4887505440630985, "rec5t4_frac": 0.9913166929463617, "tailrec5t4_frac": 0.9584673730041586, "ndcg10": 0.5913785077379672, "tailndcg10": 0.587687324253432, "ndcg10_frac": 0.7232870936361351, "tailndcg10_frac": 0.5698442255672974, "ndcg5": 0.5799281599099271, "tailndcg5": 0.5811436074358248, "ndcg5_frac": 0.9259912768885006, "tailndcg5_frac": 0.7904199169776026, "ndcgfull": 0.8275913803351657, "tailndcgfull": 0.8326709122691976, "ndcgfull_frac": 1.0, "tailndcgfull_frac": 1.0, "hits": 12.123416107465065, "tailhits": 7.510213741428248, "hits_frac": 1.0, "tailhits_frac": 1.0, "normhits": 0.6280904067161793, "tailnormhits": 0.5931993345009647, "normhits_frac": 0.9913166929463617, "tailnormhits_frac": 0.9584673730041586, "avg_rating": 3.702850090758313, "tailavg_rating": 3.5531289191178757, "avg_rating_frac": 1.0, "tailavg_rating_frac": 1.0, "avg_est": 3.5815644532736712, "tailavg_est": 3.581564453273672, "avg_est_frac": 1.0, "tailavg_est_frac": 1.0, "falsepos": 6.94329997055145, "tailfalsepos": 4.9898011833861675, "falsepos_frac": 1.0, "tailfalsepos_frac": 1.0}