{"rmse": 0.8855160824743455, "mae": 0.6952050182165544, "prec10t4": 0.7998960773095701, "tailprec10t4": 0.7539145263557554, "prec10t4_frac": 0.9913166929463617, "tailprec10t4_frac": 0.9584673730041586, "prec5t4": 0.8254330456742822, "tailprec5t4": 0.7757960577009617, "prec5t4_frac": 0.9913166929463617, "tailprec5t4_frac": 0.9584673730041586, "rec10t4": 0.638003747017681, "tailrec10t4": 0.7366159856006833, "rec10t4_frac": 0.9913166929463617, "tailrec10t4_frac": 0.9584673730041586, "rec5t4": 0.4397855681437819, "tailrec5t4": 0.5611300840239692, "rec5t4_frac": 0.9913166929463617, "tailrec5t4_frac": 0.9584673730041586, "ndcg10": 0.7908819456556979, "tailndcg10": 0.7707983876756737, "ndcg10_frac": 0.7232870936361351, "tailndcg10_frac": 0.5698442255672974, "ndcg5": 0.7825731018701098, "tailndcg5": 0.7620742237048674, "ndcg5_frac": 0.9259912768885006, "tailndcg5_frac": 0.7904199169776026, "ndcgfull": 0.908174412713523, "tailndcgfull": 0.9042888724067165, "ndcgfull_frac": 1.0, "tailndcgfull_frac": 1.0, "hits": 14.651556558007906, "tailhits": 9.248688780602084, "hits_frac": 1.0, "tailhits_frac": 1.0, "normhits": 0.7552851991335546, "tailnormhits": 0.726254625825143, "normhits_frac": 0.9913166929463617, "tailnormhits_frac": 0.9584673730041586, "avgrating": 3.702850090758313, "tailavgrating": 3.5531289191178757, "avgrating_frac": 1.0, "tailavgrating_frac": 1.0, "avgest": 3.714459473368388, "tailavgest": 3.5617076467632733, "avgest_frac": 1.0, "tailavgest_frac": 1.0, "falsepos": 4.41515952000861, "tailfalsepos": 3.2513261442123302, "falsepos_frac": 1.0, "tailfalsepos_frac": 1.0, "totalhits": 88413.4, "tailtotalhits": 55179.4, "totalhits_frac": 1.0, "tailtotalhits_frac": 1.0}