{"rmse": 0.9230706475420574, "mae": 0.7276923637365018, "prec10t4": 0.7922655208779152, "prec10t4_frac_all": 0.9920133050671737, "prec5t4": 0.8165442300744425, "prec5t4_frac_all": 0.9920133050671737, "rec10t4": 0.6351251276601199, "rec10t4_frac_all": 0.9920133050671737, "rec5t4": 0.43720108555408743, "rec5t4_frac_all": 0.9920133050671737, "ndcg10": 0.7793932163964298, "ndcg10_frac_all": 0.7254349177257711, "ndcg5": 0.7701586323142472, "ndcg5_frac_all": 0.9254350582911375, "ndcgfull": 0.9038616200365646, "ndcgfull_frac_all": 1.0, "prec10t4_frac": 0.9920133050671737, "prec5t4_frac": 0.9920133050671737, "rec10t4_frac": 0.9920133050671737, "rec5t4_frac": 0.9920133050671737, "ndcg10_frac": 0.7254349177257711, "ndcg5_frac": 0.9254350582911375, "ndcgfull_frac": 1.0, "tailprec10t4": 0.7528609683211593, "tailprec5t4": 0.7741547632041403, "tailrec10t4": 0.7354405532795656, "tailrec5t4": 0.5599176367393822, "tailndcg10": 0.7660591956401354, "tailndcg5": 0.7567732323636506, "tailndcgfull": 0.9033020420193745}