{"rmse": 1.259416886214952, "mae": 1.0212825537789676, "prec10t4": 0.6298464254681393, "prec10t4_frac_all": 0.9916513046708133, "prec5t4": 0.6286161773188492, "prec5t4_frac_all": 0.9916513046708133, "rec10t4": 0.5701451239855008, "rec10t4_frac_all": 0.9916513046708133, "rec5t4": 0.37086807695680213, "rec5t4_frac_all": 0.9916513046708133, "ndcg10": 0.5914393891112123, "ndcg10_frac_all": 0.7238283476201686, "ndcg5": 0.5797267513227945, "ndcg5_frac_all": 0.9255228127337125, "ndcgfull": 0.8282451848804753, "ndcgfull_frac_all": 1.0, "prec10t4_frac": 0.9916513046708133, "prec5t4_frac": 0.9916513046708133, "rec10t4_frac": 0.9916513046708133, "rec5t4_frac": 0.9916513046708133, "ndcg10_frac": 0.7238283476201686, "ndcg5_frac": 0.9255228127337125, "ndcgfull_frac": 1.0, "tailprec10t4": 0.5921554589789115, "tailprec5t4": 0.5922379096035567, "tailrec10t4": 0.6721073878867013, "tailrec5t4": 0.48750418410559193, "tailndcg10": 0.5854287178362269, "tailndcg5": 0.5797523219019843, "tailndcgfull": 0.8323267110234154}