{"rmse": 1.259416888912687, "mae": 1.021282550950142, "prec10t4": 0.6278716735769221, "prec10t4_frac_all": 0.9923451878874715, "prec5t4": 0.6268744026586294, "prec5t4_frac_all": 0.9923451878874715, "rec10t4": 0.5700415350326568, "rec10t4_frac_all": 0.9923451878874715, "rec5t4": 0.37070361030929255, "rec5t4_frac_all": 0.9923451878874715, "ndcg10": 0.59116644742445, "ndcg10_frac_all": 0.7230261919031151, "ndcg5": 0.5785519439094091, "ndcg5_frac_all": 0.925073428670579, "ndcgfull": 0.8272459626149992, "ndcgfull_frac_all": 1.0, "prec10t4_frac": 0.9923451878874715, "prec5t4_frac": 0.9923451878874715, "rec10t4_frac": 0.9923451878874715, "rec5t4_frac": 0.9923451878874715, "ndcg10_frac": 0.7230261919031151, "ndcg5_frac": 0.925073428670579, "ndcgfull_frac": 1.0, "tailprec10t4": 0.5924595155783116, "tailprec5t4": 0.5924032432408429, "tailrec10t4": 0.6720518522522315, "tailrec5t4": 0.4875089239985389, "tailndcg10": 0.5860847907401171, "tailndcg5": 0.5789753221796727, "tailndcgfull": 0.832103677216846}