{"rmse": 0.9229451951572841, "mae": 0.7274640469963964, "prec10t4": 0.7917347725390905, "prec10t4_frac_all": 0.9914842723996273, "prec5t4": 0.8164095696388672, "prec5t4_frac_all": 0.9914842723996273, "rec10t4": 0.6352651515819505, "rec10t4_frac_all": 0.9914842723996273, "rec5t4": 0.4365961061034837, "rec5t4_frac_all": 0.9914842723996273, "ndcg10": 0.7790706523962794, "ndcg10_frac_all": 0.7238570845966548, "ndcg5": 0.7699015311117365, "ndcg5_frac_all": 0.9261430201801897, "ndcgfull": 0.90402394441348, "ndcgfull_frac_all": 1.0, "prec10t4_frac": 0.9914842723996273, "prec5t4_frac": 0.9914842723996273, "rec10t4_frac": 0.9914842723996273, "rec5t4_frac": 0.9914842723996273, "ndcg10_frac": 0.7238570845966548, "ndcg5_frac": 0.9261430201801897, "ndcgfull_frac": 1.0, "tailprec10t4": 0.75109853844708, "tailprec5t4": 0.772923698866377, "tailrec10t4": 0.7358981684321948, "tailrec5t4": 0.5601392575601813, "tailndcg10": 0.7660104647272219, "tailndcg5": 0.7563317962700877, "tailndcgfull": 0.9031034870206571}