{"rmse": 0.9414425215347322, "mae": 0.7318391165666258, "prec10t4": 0.7235041465968111, "tailprec10t4": 0.7301422587405536, "prec10t4_frac": 0.9730377255431293, "tailprec10t4_frac": 0.8023849186398792, "prec5t4": 0.7428031226795653, "tailprec5t4": 0.7383618763468783, "prec5t4_frac": 0.9730377255431293, "tailprec5t4_frac": 0.8023849186398792, "rec10t4": 0.7088219544908692, "tailrec10t4": 0.8875498414749909, "rec10t4_frac": 0.9730377255431293, "tailrec10t4_frac": 0.8023849186398792, "rec5t4": 0.5152420963247568, "tailrec5t4": 0.7770350288816529, "rec5t4_frac": 0.9730377255431293, "tailrec5t4_frac": 0.8023849186398792, "ndcg10": 0.7670353054375318, "tailndcg10": 0.7697723866967492, "ndcg10_frac": 0.6321670812615489, "tailndcg10_frac": 0.25816682317932393, "ndcg5": 0.7573496231676964, "tailndcg5": 0.772263947547424, "ndcg5_frac": 0.8882993107995836, "tailndcg5_frac": 0.4563154892882328, "ndcgfull": 0.8987923162070889, "tailndcgfull": 0.9298566990203234, "ndcgfull_frac": 1.0, "tailndcgfull_frac": 1.0, "hits": 10.418162868051002, "tailhits": 3.2995950443234654, "hits_frac": 1.0, "tailhits_frac": 1.0, "normhits": 0.6990522969095772, "tailnormhits": 0.7232491286704588, "normhits_frac": 0.9730377255431293, "tailnormhits_frac": 0.8023849186398792, "avgrating": 3.6271855577443737, "tailavgrating": 3.4386738268410917, "avgrating_frac": 1.0, "tailavgrating_frac": 1.0, "avgest": 3.5633312623008897, "tailavgest": 3.310485643406845, "avgest_frac": 1.0, "tailavgest_frac": 1.0, "falsepos": 4.032962424977031, "tailfalsepos": 1.422149385331656, "falsepos_frac": 1.0, "tailfalsepos_frac": 1.0, "totalhits": 1441186.2, "tailtotalhits": 325362.6, "totalhits_frac": 1.0, "tailtotalhits_frac": 1.0}