{"rmse": 0.82534617614341, "mae": 0.6279722515149073, "prec10t4": 0.7431973391712854, "tailprec10t4": 0.7405684066617015, "prec10t4_frac": 0.9730377255431293, "tailprec10t4_frac": 0.8023849186398792, "prec5t4": 0.7661940782651855, "tailprec5t4": 0.7502188292682038, "prec5t4_frac": 0.9730377255431293, "tailprec5t4_frac": 0.8023849186398792, "rec10t4": 0.7178576234003017, "tailrec10t4": 0.8910545192379592, "rec10t4_frac": 0.9730377255431293, "tailrec10t4_frac": 0.8023849186398792, "rec5t4": 0.523273175684764, "tailrec5t4": 0.7827219294965204, "rec5t4_frac": 0.9730377255431293, "tailrec5t4_frac": 0.8023849186398792, "ndcg10": 0.7922564908016776, "tailndcg10": 0.7857271188101589, "ndcg10_frac": 0.6321670812615489, "tailndcg10_frac": 0.25816682317932393, "ndcg5": 0.7796248103869414, "tailndcg5": 0.7876948524918732, "ndcg5_frac": 0.8882993107995836, "tailndcg5_frac": 0.4563154892882328, "ndcgfull": 0.9063324465047424, "tailndcgfull": 0.9339832860286716, "ndcgfull_frac": 1.0, "tailndcgfull_frac": 1.0, "hits": 10.652511666398315, "tailhits": 3.336953037093251, "hits_frac": 1.0, "tailhits_frac": 1.0, "normhits": 0.7124677700513724, "tailnormhits": 0.732799992258526, "normhits_frac": 0.9730377255431293, "tailnormhits_frac": 0.8023849186398792, "avgrating": 3.6271855577443737, "tailavgrating": 3.4386738268410917, "avgrating_frac": 1.0, "tailavgrating_frac": 1.0, "avgest": 3.6424915731350964, "tailavgest": 3.4374662676527876, "avgest_frac": 1.0, "tailavgest_frac": 1.0, "falsepos": 3.798613626629718, "tailfalsepos": 1.3847913925618704, "falsepos_frac": 1.0, "tailfalsepos_frac": 1.0, "totalhits": 1473604.6, "tailtotalhits": 329046.4, "totalhits_frac": 1.0, "tailtotalhits_frac": 1.0}