{"rmse": 0.7861107003407806, "mae": 0.598214632748476, "prec10t4": 0.7634899834078714, "tailprec10t4": 0.752374636163748, "prec10t4_frac": 0.9730377255431293, "tailprec10t4_frac": 0.8023849186398792, "prec5t4": 0.789766955382988, "tailprec5t4": 0.763025870539537, "prec5t4_frac": 0.9730377255431293, "tailprec5t4_frac": 0.8023849186398792, "rec10t4": 0.7251647231240762, "tailrec10t4": 0.8950926848838243, "rec10t4_frac": 0.9730377255431293, "tailrec10t4_frac": 0.8023849186398792, "rec5t4": 0.5333594777121333, "tailrec5t4": 0.7881549196043077, "rec5t4_frac": 0.9730377255431293, "tailrec5t4_frac": 0.8023849186398792, "ndcg10": 0.8129569570186476, "tailndcg10": 0.8025257683139371, "ndcg10_frac": 0.6321670812615489, "tailndcg10_frac": 0.25816682317932393, "ndcg5": 0.8018455091820782, "tailndcg5": 0.8023874753092933, "ndcg5_frac": 0.8882993107995836, "tailndcg5_frac": 0.4563154892882328, "ndcgfull": 0.9157576574861869, "tailndcgfull": 0.9381292528161138, "ndcgfull_frac": 1.0, "tailndcgfull_frac": 1.0, "hits": 10.901500402382888, "tailhits": 3.4161556416904815, "hits_frac": 1.0, "tailhits_frac": 1.0, "normhits": 0.7299113603378171, "tailnormhits": 0.7436234141866368, "normhits_frac": 0.9730377255431293, "tailnormhits_frac": 0.8023849186398792, "avgrating": 3.6271855577443737, "tailavgrating": 3.4386738268410917, "avgrating_frac": 1.0, "tailavgrating_frac": 1.0, "avgest": 3.6441217026962405, "tailavgest": 3.4393083274547203, "avgest_frac": 1.0, "tailavgest_frac": 1.0, "falsepos": 3.549624890645145, "tailfalsepos": 1.30558878796464, "falsepos_frac": 1.0, "tailfalsepos_frac": 1.0, "totalhits": 1508048.2, "tailtotalhits": 336856.2, "totalhits_frac": 1.0, "tailtotalhits_frac": 1.0}