{"rmse": 1.0519889218269651, "mae": 0.8408498561139182, "prec10t4": 0.5643182932285907, "tailprec10t4": 0.6001424409310504, "prec10t4_frac": 0.9730377255431293, "tailprec10t4_frac": 0.8023849186398792, "prec5t4": 0.5643093442694911, "tailprec5t4": 0.6001696078380567, "prec5t4_frac": 0.9730377255431293, "tailprec5t4_frac": 0.8023849186398792, "rec10t4": 0.6461733657024938, "tailrec10t4": 0.8457380665227759, "rec10t4_frac": 0.9730377255431293, "tailrec10t4_frac": 0.8023849186398792, "rec5t4": 0.4375567402163945, "tailrec5t4": 0.7166882656127702, "rec5t4_frac": 0.9730377255431293, "tailrec5t4_frac": 0.8023849186398792, "ndcg10": 0.612647129606209, "tailndcg10": 0.6206519685730111, "ndcg10_frac": 0.6321670812615489, "tailndcg10_frac": 0.25816682317932393, "ndcg5": 0.6011055526493165, "tailndcg5": 0.6348136763649599, "ndcg5_frac": 0.8882993107995836, "tailndcg5_frac": 0.4563154892882328, "ndcgfull": 0.8326784929179094, "tailndcgfull": 0.8868757434535569, "ndcgfull_frac": 1.0, "tailndcgfull_frac": 1.0, "hits": 8.472093298552625, "tailhits": 2.6450999046434234, "hits_frac": 1.0, "tailhits_frac": 1.0, "normhits": 0.564429608928471, "tailnormhits": 0.60016797438184, "normhits_frac": 0.9730377255431293, "tailnormhits_frac": 0.8023849186398792, "avgrating": 3.6271855577443737, "tailavgrating": 3.4386738268410917, "avgrating_frac": 1.0, "tailavgrating_frac": 1.0, "avgest": 3.5255285642989107, "tailavgest": 3.5255285642989107, "avgest_frac": 1.0, "tailavgest_frac": 1.0, "falsepos": 5.979031994475408, "tailfalsepos": 2.0766445250116976, "falsepos_frac": 1.0, "tailfalsepos_frac": 1.0, "totalhits": 1171978.6, "tailtotalhits": 260824.8, "totalhits_frac": 1.0, "tailtotalhits_frac": 1.0}