{"rmse": 0.9276149367644567, "mae": 0.7029236628081157, "prec10t4": 0.7181868935250653, "tailprec10t4": 0.711749783912123, "prec10t4_frac": 0.9730377255431293, "tailprec10t4_frac": 0.8023849186398792, "prec5t4": 0.7356877642232842, "tailprec5t4": 0.7203593653265516, "prec5t4_frac": 0.9730377255431293, "tailprec5t4_frac": 0.8023849186398792, "rec10t4": 0.7084666567926136, "tailrec10t4": 0.884230168246235, "rec10t4_frac": 0.9730377255431293, "tailrec10t4_frac": 0.8023849186398792, "rec5t4": 0.5103825521197032, "tailrec5t4": 0.7733342892186168, "rec5t4_frac": 0.9730377255431293, "tailrec5t4_frac": 0.8023849186398792, "ndcg10": 0.7599246116040568, "tailndcg10": 0.7560635376546154, "ndcg10_frac": 0.6321670812615489, "tailndcg10_frac": 0.25816682317932393, "ndcg5": 0.7441992112830376, "tailndcg5": 0.7611324398160518, "ndcg5_frac": 0.8882993107995836, "tailndcg5_frac": 0.4563154892882328, "ndcgfull": 0.8918620164396579, "tailndcgfull": 0.9249780718131984, "ndcgfull_frac": 1.0, "tailndcgfull_frac": 1.0, "hits": 10.329291069353937, "tailhits": 3.10648447557407, "hits_frac": 1.0, "tailhits_frac": 1.0, "normhits": 0.6914805802045298, "tailnormhits": 0.7049058337118614, "normhits_frac": 0.9730377255431293, "tailnormhits_frac": 0.8023849186398792, "avgrating": 3.6271855577443737, "tailavgrating": 3.4386738268410917, "avgrating_frac": 1.0, "tailavgrating_frac": 1.0, "avgest": 3.7543259640908895, "tailavgest": 3.7529348414175323, "avgest_frac": 1.0, "tailavgest_frac": 1.0, "falsepos": 4.121834223674096, "tailfalsepos": 1.6152599540810513, "falsepos_frac": 1.0, "tailfalsepos_frac": 1.0, "totalhits": 1428892.2, "tailtotalhits": 306320.6, "totalhits_frac": 1.0, "tailtotalhits_frac": 1.0}