{"rmse": 0.8505556246110239, "mae": 0.6469103998471453, "prec10t4": 0.7494760390886249, "tailprec10t4": 0.7372001520931529, "prec10t4_frac": 0.9730377255431293, "tailprec10t4_frac": 0.8023849186398792, "prec5t4": 0.7733600550213626, "tailprec5t4": 0.746749064415799, "prec5t4_frac": 0.9730377255431293, "tailprec5t4_frac": 0.8023849186398792, "rec10t4": 0.7189667727679038, "tailrec10t4": 0.890225053560641, "rec10t4_frac": 0.9730377255431293, "tailrec10t4_frac": 0.8023849186398792, "rec5t4": 0.5265102579805895, "tailrec5t4": 0.7818091765902103, "rec5t4_frac": 0.9730377255431293, "tailrec5t4_frac": 0.8023849186398792, "ndcg10": 0.7947539426217262, "tailndcg10": 0.7812095105765531, "ndcg10_frac": 0.6321670812615489, "tailndcg10_frac": 0.25816682317932393, "ndcg5": 0.7841912679648698, "tailndcg5": 0.7843632772863266, "ndcg5_frac": 0.8882993107995836, "tailndcg5_frac": 0.4563154892882328, "ndcgfull": 0.9090804367467686, "tailndcgfull": 0.9330306839662299, "ndcgfull_frac": 1.0, "tailndcgfull_frac": 1.0, "hits": 10.661536170093314, "tailhits": 3.290502390924773, "hits_frac": 1.0, "tailhits_frac": 1.0, "normhits": 0.7183220885199246, "tailnormhits": 0.7297236508349805, "normhits_frac": 0.9730377255431293, "tailnormhits_frac": 0.8023849186398792, "avgrating": 3.6271855577443737, "tailavgrating": 3.4386738268410917, "avgrating_frac": 1.0, "tailavgrating_frac": 1.0, "avgest": 3.679218012104242, "tailavgest": 3.5926962702188137, "avgest_frac": 1.0, "tailavgest_frac": 1.0, "falsepos": 3.78958912293472, "tailfalsepos": 1.4312420387303486, "falsepos_frac": 1.0, "tailfalsepos_frac": 1.0, "totalhits": 1474853.0, "tailtotalhits": 324466.0, "totalhits_frac": 1.0, "tailtotalhits_frac": 1.0}