{"lb": {"female users": 1.7795780358660762, "male users": 1.3065093281306346, "bottom 10% contributors": 105.36811782217029, "power users": 3.1876057594768907, "under 18": 22.816144327777693, "45-49": 3.497386930477468, "50-55": 4.170095105979684, "18-24": 2.756583657419667, "25-34": 1.265690398368252, "56+": 3.14601049402312, "35-44": 2.0191823789857297, "tradesman/craftsman": -12.69815338514814, "sales/marketing": -8.315966006795827, "scientist": -24.049657569853885, "doctor/health care": 14.348520964968234, "self-employed": 1.1677771200163687, "college/grad student": 0.18541789637120906, "retired": -6.92675026082519, "k-12 student": 28.479037127757366, "other": 2.88639713915531, "writer": -2.794128123375783, "farmer": 82.57393069312087, "technician/engineer": 3.8575049803274277, "executive/managerial": 1.381394103075573, "clerical/admin": -12.574486905474505, "programmer": 0.07051639336434036, "customer service": 32.42349431280344, "artist": 0.33274118537022035, "homemaker": 25.064262911382293, "lawyer": 4.350054921801286, "academic/educator": 0.7611116355681106, "unemployed": -1.6021360079644202, "fans of fantasy": 5.4871561703871485, "fans of sci-fi": 5.213218498526353, "fans of war": 1.5321677643632452, "fans of horror": 3.8400344101658397, "fans of children's": 3.0093918550441723, "fans of animation": 0.6748497925133673, "fans of western": -0.5391753758851375, "fans of comedy": 0.8553738491812736, "fans of adventure": 2.834140484226351, "fans of documentary": 9.518791211059849, "fans of crime": 2.2942504114723854, "fans of film-noir": 6.154163332019664, "fans of musical": 1.8597533243120683, "fans of thriller": 2.0622852371323113, "fans of mystery": 4.786624114181672, "fans of action": 1.7212562433216594, "fans of romance": 2.1660219253805684, "fans of drama": 0.9291695147936254}, "nb": {"female users": 0.7934439572584691, "male users": 1.0963237423769971, "bottom 10% contributors": -0.30039856848456054, "power users": 1.9190082873239434, "under 18": 0.020090789404979194, "45-49": 0.8913736780844764, "50-55": 0.7976365131326462, "18-24": 1.33780774440666, "25-34": 1.0904646330670862, "56+": -0.1970748476723377, "35-44": 1.0820044054403612, "tradesman/craftsman": -0.17117790251498288, "sales/marketing": 0.9681400963753205, "scientist": 0.36670753997988376, "doctor/health care": 0.6285599083434869, "self-employed": 0.6857615226311611, "college/grad student": 1.0574700997918913, "retired": -0.39438228945508635, "k-12 student": -0.6358042656058945, "other": 0.9102476057112183, "writer": 1.0177389996781645, "farmer": 0.4453938524184989, "technician/engineer": 0.850856217817202, "executive/managerial": 0.8982224310989301, "clerical/admin": 0.3918638187890139, "programmer": 0.9150773459416508, "customer service": 0.02674940276550118, "artist": 0.5262081902732823, "homemaker": -0.3649219503511196, "lawyer": 0.4198392714547227, "academic/educator": 0.8473118142215885, "unemployed": 0.14930854803137322, "fans of fantasy": 0.5090996649094666, "fans of sci-fi": 0.29891254110928106, "fans of war": 1.0419729177834929, "fans of horror": 0.7760951205076158, "fans of children's": 0.5419978236225189, "fans of animation": 1.0158401645330821, "fans of western": 1.1033037047239478, "fans of comedy": 0.17298269892774903, "fans of adventure": 0.41951617024208554, "fans of documentary": 1.157893324399804, "fans of crime": 0.9911397621132291, "fans of film-noir": 1.3574470323375432, "fans of musical": 1.0440957277784573, "fans of thriller": 0.6189280945084575, "fans of mystery": 1.195841884505386, "fans of action": 0.39681207475423647, "fans of romance": 0.8394834169779329, "fans of drama": 0.5033881526227265}}