{"lb": {"female users": 2.335034723009265, "male users": 0.6088750604064839, "power users": 0.9406025542124354, "bottom 10% contributors": -1.310085170757676, "50-55": 0.37292183103578497, "18-24": 1.6551882340334994, "25-34": 0.707844784569729, "56+": 3.840950535225744, "under 18": 4.967163461068629, "45-49": 1.0816849947925598, "35-44": 1.2327953123456594, "programmer": 0.35955502619619223, "sales/marketing": 3.3484969794634525, "executive/managerial": 0.2918329572149148, "customer service": -0.49364970852146006, "retired": 7.523678620789782, "doctor/health care": -0.05606693260740525, "k-12 student": 4.733666671484354, "farmer": -13.695074437252943, "writer": -0.1603672542167458, "scientist": -0.6351691401206011, "college/grad student": 1.2700206668084544, "academic/educator": 0.6301435757635039, "self-employed": 1.1242329988187971, "homemaker": 0.061099744218517514, "technician/engineer": 0.37831299983140876, "lawyer": 3.0117351712751645, "tradesman/craftsman": -2.3054409881501634, "clerical/admin": -0.2024461746470763, "unemployed": 8.613366868185798, "artist": -1.2438822993472403, "other": 0.7611742236227246, "fans of sci-fi": 1.6387622941556652, "fans of drama": 0.2968249655492177, "fans of comedy": 0.05590449644468349, "fans of thriller": 0.16177607679197528, "fans of animation": 0.7224954737705255, "fans of fantasy": 0.0721053481039561, "fans of children's": 0.003989134160302751, "fans of action": 0.4199880507058339, "fans of adventure": 0.0039678887083738805, "fans of war": 0.29564518577747284, "fans of documentary": 0.6759345273404902, "fans of horror": 3.946874324758056, "fans of film-noir": -0.07366669109880711, "fans of mystery": 0.42725672167472617, "fans of crime": 0.42041106908882087, "fans of western": -0.05534650811870042, "fans of romance": 0.32429325501392564, "fans of musical": 0.6460427065183809}, "nb": {"female users": 0.8033388838037918, "male users": 1.1311034381679717, "power users": 1.8429929963860487, "bottom 10% contributors": 0.91358382767655, "50-55": 1.0176530515773, "18-24": 1.272412082840914, "25-34": 1.1111226778139547, "56+": 0.6608243966818022, "under 18": 0.8378078938382091, "45-49": 1.0032417892701868, "35-44": 1.065686064098993, "programmer": 0.981497026051793, "sales/marketing": 1.191711498759998, "executive/managerial": 1.1848258882794158, "customer service": 1.1339985645543487, "retired": 0.524200460772387, "doctor/health care": 1.2392269198661185, "k-12 student": 0.952443116185488, "farmer": 1.0516584693072624, "writer": 1.4841342676061655, "scientist": 0.9888863637699818, "college/grad student": 1.1591054934657847, "academic/educator": 1.1322289715192728, "self-employed": 1.0794186277105513, "homemaker": 0.9944967175186002, "technician/engineer": 1.2096226534532835, "lawyer": 1.0629043214961944, "tradesman/craftsman": 1.1201812417383927, "clerical/admin": 0.873734286009814, "unemployed": 1.029886661807352, "artist": 1.2766672790303955, "other": 1.1679370713661394, "fans of sci-fi": 0.8582875415825554, "fans of drama": 0.9037056980365596, "fans of comedy": 0.703455421919885, "fans of thriller": 1.0204686545292387, "fans of animation": 1.325254849130153, "fans of fantasy": 1.3499142793216645, "fans of children's": 1.1908446640752535, "fans of action": 0.92369318603035, "fans of adventure": 0.9618031179389253, "fans of war": 1.1548685602603233, "fans of documentary": 1.7483067416424949, "fans of horror": 0.891073534006914, "fans of film-noir": 1.831090454152686, "fans of mystery": 1.362055661128608, "fans of crime": 1.237489179166271, "fans of western": 1.4749320846464342, "fans of romance": 1.0406691951071074, "fans of musical": 1.35714905858106}}