{"lb": {"male users": -0.06495540583386639, "female users": -0.07584222634311277, "bottom 10% contributors": -1.165898456682662, "power users": -0.17160899698727078, "35-44": -0.05291675983953624, "18-24": -0.07422645573381648, "56+": -0.056760111460816325, "50-55": -0.08478266186702534, "under 18": -0.3238456659474422, "45-49": -0.07340881502334753, "25-34": -0.024862169783425536, "technician/engineer": -0.07587642361101839, "other": -0.07791040166488448, "writer": 0.08476284966873182, "customer service": -0.41496029200860923, "college/grad student": 0.03473085400089548, "homemaker": -0.25942917693764345, "academic/educator": 0.0024312017968756774, "tradesman/craftsman": 0.1315197912627244, "retired": 0.07101097133003835, "sales/marketing": 0.18125179433388316, "lawyer": -0.04911752514640094, "unemployed": 0.0194582653264769, "clerical/admin": 0.197728386057877, "artist": 0.003849788854826925, "executive/managerial": -0.01602541212569883, "scientist": 0.31898281350047825, "doctor/health care": -0.22790064299734622, "programmer": 0.0183257939777578, "k-12 student": -0.38292186493328445, "farmer": -0.6671422822242367, "self-employed": -0.00911094732622441, "fans of documentary": -0.1524936080835349, "fans of adventure": -0.07834766365025918, "fans of western": 0.033421336665234544, "fans of crime": -0.0664415480117897, "fans of fantasy": -0.09266760207328283, "fans of sci-fi": -0.15965960118571598, "fans of horror": -0.05901679041946104, "fans of drama": -0.039945490102568544, "fans of action": -0.05034776084376496, "fans of comedy": -0.030208322279931695, "fans of thriller": -0.06844221095227779, "fans of musical": -0.03017192104612388, "fans of romance": -0.05842880243947232, "fans of animation": 0.012914031850264594, "fans of film-noir": -0.18254269867575848, "fans of children's": -0.07075534277333252, "fans of war": -0.04217143120816286, "fans of mystery": -0.12026763165519014}, "nb": {"male users": -0.03184771739186637, "female users": 0.013487917815652894, "bottom 10% contributors": 0.012763118397750722, "power users": -0.12452662474504625, "35-44": -0.005240712570139694, "18-24": -0.019394437967321862, "56+": 0.01673805581196572, "50-55": -0.00015473916800314708, "under 18": 0.011186419392781581, "45-49": -0.0024818827563557744, "25-34": -0.012877263326454141, "technician/engineer": -0.0014906273834882806, "other": -0.0015816640229841666, "writer": -0.00519226867294648, "customer service": 0.010215834740827354, "college/grad student": -0.007362532373795888, "homemaker": 0.01267466718909975, "academic/educator": -0.001236791528838422, "tradesman/craftsman": 0.010926094068589898, "retired": 0.013637841698603975, "sales/marketing": -0.0036150835985367617, "lawyer": 0.00511234043523865, "unemployed": 0.007838513315656045, "clerical/admin": 0.006202848680948834, "artist": 0.005105509981033388, "executive/managerial": -0.0022761871369989077, "scientist": 0.005930977204393492, "doctor/health care": 0.002690882650155135, "programmer": -0.0028583619818544244, "k-12 student": 0.01914131997982855, "farmer": 0.004144651645817662, "self-employed": 0.0018499838945910934, "fans of documentary": -0.006802642835010749, "fans of adventure": 0.013162595132092392, "fans of western": -0.006524519685631103, "fans of crime": -0.0017748901067018569, "fans of fantasy": 0.005118697552098456, "fans of sci-fi": 0.017105367256681023, "fans of horror": 0.00013651297875421145, "fans of drama": 0.04408537125712587, "fans of action": 0.017611986290162897, "fans of comedy": 0.03238525392120749, "fans of thriller": 0.01467611374043867, "fans of musical": -0.007051959936453404, "fans of romance": 0.002795331011010045, "fans of animation": -0.005923906161791115, "fans of film-noir": -0.018907424308089164, "fans of children's": 0.0075582929692222175, "fans of war": -0.006286632247158169, "fans of mystery": -0.012206076276192985}}