{"lb": {"male users": -0.7090938945436946, "female users": -0.3785081505990596, "power users": -0.7606702354077187, "bottom 10% contributors": 0.07723871739637103, "18-24": -0.37875222766380806, "25-34": -0.38471230191180583, "45-49": -0.11853317118665004, "50-55": -0.03988567514445787, "56+": -0.17519019696330237, "under 18": -0.2652853411654645, "35-44": -0.26742741402177667, "academic/educator": -0.08101693656248753, "farmer": 0.8301377950026823, "writer": 0.02333211555235593, "k-12 student": -0.28154095116083516, "clerical/admin": 0.013363937602149241, "programmer": -0.033016896705432154, "tradesman/craftsman": 0.1634243068318403, "sales/marketing": -0.3037272885295713, "lawyer": -0.20233133436838457, "customer service": 0.0383864857892764, "retired": -0.2233396287669143, "other": -0.13569932608890234, "technician/engineer": -0.04821789635322526, "unemployed": -0.5089922347423709, "scientist": 0.043800463351275576, "executive/managerial": -0.046868642488486933, "college/grad student": -0.21407536612518258, "doctor/health care": 0.005501635003674017, "artist": 0.15063429525696254, "homemaker": -0.0037074493653487094, "self-employed": -0.09989123176084655, "fans of drama": -0.10694517119933454, "fans of documentary": -0.09669451216868094, "fans of romance": -0.06258425413140613, "fans of mystery": -0.07894190623905079, "fans of action": -0.059912682969643624, "fans of crime": -0.11169837019940458, "fans of horror": -0.24182769781861244, "fans of animation": -0.1401659307478553, "fans of comedy": -0.007901436894337139, "fans of war": -0.12313884446938178, "fans of fantasy": -0.008362633013583717, "fans of children's": -0.0005867547737806256, "fans of sci-fi": -0.15621610687022938, "fans of thriller": -0.034967943171123214, "fans of adventure": -0.0005382869995610545, "fans of western": 0.007538856451790568, "fans of film-noir": 0.022324649680683945, "fans of musical": -0.12668990936737878}, "nb": {"male users": -0.6819315076093885, "female users": -0.13069019056499814, "power users": -0.5064645666991994, "bottom 10% contributors": -0.031542287284574776, "18-24": -0.14981290493905985, "25-34": -0.3196678741358701, "45-49": -0.06297731132713016, "50-55": -0.058143592908008926, "56+": -0.02862149670893766, "under 18": -0.03274451927642305, "35-44": -0.136118188124229, "academic/educator": -0.0711520594019077, "farmer": -0.03220081850578756, "writer": -0.07715179449725632, "k-12 student": -0.035751128827603555, "clerical/admin": -0.03551642519758531, "programmer": -0.05010857496663793, "tradesman/craftsman": -0.03785320291219833, "sales/marketing": -0.05649233595807548, "lawyer": -0.03889362909640088, "customer service": -0.0420034995645373, "retired": -0.017980782240688657, "other": -0.10067996750599725, "technician/engineer": -0.06932356422955223, "unemployed": -0.03567061686424326, "scientist": -0.036992102376786705, "executive/managerial": -0.08613390575810499, "college/grad student": -0.100945472412905, "doctor/health care": -0.05296719995257971, "artist": -0.0613142956108101, "homemaker": -0.033201386909615466, "self-employed": -0.05007102145579126, "fans of drama": -0.17500970570835644, "fans of documentary": -0.07922714677851882, "fans of romance": -0.1008466483882417, "fans of mystery": -0.09992775622941842, "fans of action": -0.07669670532093555, "fans of crime": -0.14136725913103743, "fans of horror": -0.041858018739995326, "fans of animation": -0.1096454088593184, "fans of comedy": -0.06854077782170548, "fans of war": -0.20676566843041325, "fans of fantasy": -0.0619895247131807, "fans of children's": -0.07590971437528815, "fans of sci-fi": -0.06119064524133949, "fans of thriller": -0.10729514551218167, "fans of adventure": -0.0684892497083049, "fans of western": -0.07193719444290815, "fans of film-noir": -0.1522330560131028, "fans of musical": -0.10965520846597805}, "not-like": {"male users": -0.6415628133505276, "female users": -0.08929877792835414, "power users": -0.4455063431857616, "bottom 10% contributors": -0.032478737969039516, "18-24": -0.12605829483136577, "25-34": -0.29940680041373996, "45-49": -0.06036743471582111, "50-55": -0.05892000331916084, "56+": -0.02512665689335888, "under 18": -0.029421744760707608, "35-44": -0.11950293543177429, "academic/educator": -0.07082717619162276, "farmer": -0.03339253676578203, "writer": -0.08014972711946808, "k-12 student": -0.03276480013977413, "clerical/admin": -0.036365409894699635, "programmer": -0.050586485723985934, "tradesman/craftsman": -0.03905046990474661, "sales/marketing": -0.049968639424385855, "lawyer": -0.03700922474905794, "customer service": -0.04283739895164145, "retired": -0.016353065514982654, "other": -0.09821034592453336, "technician/engineer": -0.07021349912396985, "unemployed": -0.03255381072550971, "scientist": -0.037988569321534195, "executive/managerial": -0.08847318491393778, "college/grad student": -0.09285804374181218, "doctor/health care": -0.05405658434287494, "artist": -0.06671265041172805, "homemaker": -0.03342715837348759, "self-employed": -0.048947967452854485, "fans of drama": -0.19848348502279753, "fans of documentary": -0.07880627835822933, "fans of romance": -0.10631408058201043, "fans of mystery": -0.1017846595224042, "fans of action": -0.07858604939741981, "fans of crime": -0.14636468992282914, "fans of horror": -0.0337533098612058, "fans of animation": -0.10687372763027712, "fans of comedy": -0.07786153453720168, "fans of war": -0.22944990660229878, "fans of fantasy": -0.06389092614189931, "fans of children's": -0.0810292113497005, "fans of sci-fi": -0.05251380296680458, "fans of thriller": -0.11907467677350776, "fans of adventure": -0.07473396621556926, "fans of western": -0.07503758889592688, "fans of film-noir": -0.16694642076238025, "fans of musical": -0.10803001101690592}}