{"lb": {"female users": 4.2386711148806855, "male users": 1.1052602797230244, "bottom 10% contributors": -2.378131732519876, "power users": 1.7074285182299729, "25-34": 1.2849150432795284, "18-24": 3.004579969691666, "50-55": 0.6769462474128377, "under 18": 9.016642055835856, "35-44": 2.237831339084171, "45-49": 1.9635283782496864, "56+": 6.972284363448531, "farmer": -25.728351249294306, "executive/managerial": 0.5808963320041942, "academic/educator": 1.0702516135394518, "writer": -0.1402124982362056, "sales/marketing": 6.327697274016821, "programmer": 0.108408349972828, "self-employed": 2.0516561045756383, "college/grad student": 2.295526132744211, "lawyer": 4.775899703114688, "unemployed": 15.125872016594805, "retired": 15.532391676091695, "clerical/admin": 0.3522762723769623, "customer service": -0.8389112351293663, "k-12 student": 9.3325701855694, "homemaker": 0.6541058264956323, "doctor/health care": 0.35896702182770646, "technician/engineer": 0.7971186734650584, "other": 1.314250714813435, "scientist": -0.7935789615860103, "artist": -3.0093734878876623, "tradesman/craftsman": -4.487453094205281, "fans of documentary": 1.112452209345135, "fans of war": 0.5224457994275393, "fans of western": 0.20605054359301775, "fans of mystery": 0.8870949181736745, "fans of comedy": 0.1516655648170371, "fans of romance": 0.6352852872568245, "fans of musical": 1.0512040515898937, "fans of thriller": 0.2914822820146938, "fans of action": 0.6655809592995173, "fans of fantasy": 0.0047552009037177805, "fans of film-noir": -0.177205383349344, "fans of drama": 0.5407090250790155, "fans of animation": 1.3852219906338983, "fans of crime": 0.8173801768884591, "fans of horror": 6.266866541793451, "fans of adventure": -0.04467888553983799, "fans of sci-fi": 3.138149164442896, "fans of children's": 0.046987656032811735}, "nb": {"female users": 0.8033388838037916, "male users": 1.131103438167972, "bottom 10% contributors": 0.9135838276765479, "power users": 1.8429929963860483, "25-34": 1.1111226778139545, "18-24": 1.2724120828409136, "50-55": 1.0176530515772986, "under 18": 0.8378078938382075, "35-44": 1.0656860640989922, "45-49": 1.0032417892701855, "56+": 0.660824396681801, "farmer": 1.1284691485913687, "executive/managerial": 1.227099113906831, "academic/educator": 1.1035530690444855, "writer": 1.4980960980115916, "sales/marketing": 1.264781051350079, "programmer": 1.0399618855286616, "self-employed": 1.0717752309451218, "college/grad student": 1.1611196091175495, "lawyer": 1.0815800372584699, "unemployed": 0.9968438405822816, "retired": 0.4601172938738568, "clerical/admin": 0.8056590359438598, "customer service": 1.0932408657418464, "k-12 student": 0.7631049586602744, "homemaker": 1.0669182139288258, "doctor/health care": 1.2944836811621119, "technician/engineer": 1.1493783573666365, "other": 1.1915888131758252, "scientist": 1.0459950524679786, "artist": 1.2431636196018991, "tradesman/craftsman": 1.259741619573535, "fans of documentary": 1.7314288603842258, "fans of war": 1.1950039277884312, "fans of western": 1.4843267137868366, "fans of mystery": 1.3061418194958188, "fans of comedy": 0.769777242694881, "fans of romance": 1.0437253601833, "fans of musical": 1.3206343525341764, "fans of thriller": 0.9935188583031942, "fans of action": 0.933908599402872, "fans of fantasy": 1.4310553917023685, "fans of film-noir": 1.781027561430869, "fans of drama": 0.8699872916112741, "fans of animation": 1.2867499198921195, "fans of crime": 1.204932389170238, "fans of horror": 0.9651757335747562, "fans of adventure": 0.9544610659807412, "fans of sci-fi": 0.8342477449070089, "fans of children's": 1.167878838522489}}