{"lb": {"male users": -1.9773440087922052, "female users": -2.677036568639719, "power users": -15.213404708154373, "bottom 10% contributors": 1.5049092034647775, "18-24": -4.1443178534228275, "25-34": -2.217235022468804, "45-49": -2.603419468972241, "50-55": -0.9714091849698613, "56+": -5.56920415609656, "under 18": -14.4353464922469, "35-44": -2.710170437401897, "academic/educator": -1.8535693062023655, "farmer": 626.7540352270253, "writer": 1.006614128115927, "k-12 student": -17.352115765422905, "clerical/admin": 0.9385835246160632, "programmer": -1.0279487427876812, "tradesman/craftsman": 28.20236609326615, "sales/marketing": -12.149091541182852, "lawyer": -19.0950196810163, "customer service": 4.140256681557669, "retired": -18.999596588058626, "other": -2.3023144089240724, "technician/engineer": -1.1603031632409584, "unemployed": -85.39758605122, "scientist": 3.6743722033570068, "executive/managerial": -0.832607648913121, "college/grad student": -3.4026716089371125, "doctor/health care": 0.28160911374738185, "artist": 6.789784651880998, "homemaker": -0.4868042210153522, "self-employed": -5.027858665295943, "fans of drama": -0.630809408246075, "fans of documentary": -13.273519397700742, "fans of romance": -0.9174973178487696, "fans of mystery": -2.9252092864040913, "fans of action": -0.7634443146342772, "fans of crime": -1.8845199888391166, "fans of horror": -15.214992654421032, "fans of animation": -4.503203307005564, "fans of comedy": -0.08228392903757985, "fans of war": -1.4815908776794142, "fans of fantasy": -0.7215757628863663, "fans of children's": -0.0208470519625587, "fans of sci-fi": -2.9302648617893965, "fans of thriller": -0.4046099171524602, "fans of adventure": -0.010556017783599905, "fans of western": 0.6504956138402146, "fans of film-noir": 0.9363950282731323, "fans of musical": -4.092016323951701}, "nb": {"male users": -0.07904101625529913, "female users": 0.03199356992494978, "power users": -0.2316590912077932, "bottom 10% contributors": 0.0029835945546364193, "18-24": -0.03207360730163669, "25-34": -0.03196978236008957, "45-49": -0.0002034994697279746, "50-55": -0.0010086068556505179, "56+": 0.014690307232706808, "under 18": 0.006339045723677647, "35-44": -0.008389964297530916, "academic/educator": -0.008309594501514861, "farmer": -0.0015817349862123978, "writer": -0.025167418028610777, "k-12 student": 0.0017851063764326089, "clerical/admin": 0.005132575037694959, "programmer": 0.0009446362368709174, "tradesman/craftsman": -0.00406116863973132, "sales/marketing": -0.009087963325221722, "lawyer": -0.002301785117770294, "customer service": -0.004963329605376564, "retired": 0.016320565404436993, "other": -0.014476720794912357, "technician/engineer": -0.01201348985913235, "unemployed": -0.0010351388188777275, "scientist": 0.0004157371203218421, "executive/managerial": -0.013436384029248044, "college/grad student": -0.013856356726745206, "doctor/health care": -0.010225068464424024, "artist": -0.01328745524455803, "homemaker": 0.00018372771646129465, "self-employed": -0.0036839940593935694, "fans of drama": 0.018648147825810923, "fans of documentary": -0.03391064430705502, "fans of romance": -0.003941071801185608, "fans of mystery": -0.02656235782373377, "fans of action": 0.0063359579928929655, "fans of crime": -0.02713009123411861, "fans of horror": 0.00511680111776807, "fans of animation": -0.026910070119538984, "fans of comedy": 0.028893651832191614, "fans of war": -0.027727399015748833, "fans of fantasy": -0.01606844241725098, "fans of children's": -0.012165284337273333, "fans of sci-fi": 0.010103230385135345, "fans of thriller": -0.0021521359391154654, "fans of adventure": 0.0027199701734859777, "fans of western": -0.023163969430210145, "fans of film-noir": -0.0690951336522182, "fans of musical": -0.028857003012683194}}