{"lb": {"female users": -0.3785081505990596, "male users": -0.7090938945436946, "bottom 10% contributors": 0.07723871739637103, "power users": -0.7606702354077187, "25-34": -0.38471230191180583, "18-24": -0.37875222766380806, "50-55": -0.03988567514445787, "under 18": -0.2652853411654645, "35-44": -0.26742741402177667, "45-49": -0.11853317118665004, "56+": -0.17519019696330237, "farmer": 0.9221771392966401, "executive/managerial": -0.0532046119603105, "academic/educator": -0.07404535680560889, "writer": 0.011269710922753279, "sales/marketing": -0.33308005200917, "programmer": -0.005930327139437514, "self-employed": -0.09962910385782978, "college/grad student": -0.2140384450181299, "lawyer": -0.18140256853002873, "unemployed": -0.47653740427336466, "retired": -0.2203550794413574, "clerical/admin": -0.01164848185902334, "customer service": 0.034662932909379315, "k-12 student": -0.24255126327443605, "homemaker": -0.023359807880193394, "doctor/health care": -0.020082126966588155, "technician/engineer": -0.05319946884139022, "other": -0.13252220224358718, "scientist": 0.031835881668991095, "artist": 0.19993156614062438, "tradesman/craftsman": 0.19723606980119537, "fans of documentary": -0.08725856620796262, "fans of war": -0.124323744564018, "fans of western": -0.015390807996945376, "fans of mystery": -0.08603533217246517, "fans of comedy": -0.012798992923227146, "fans of romance": -0.06731824194896599, "fans of musical": -0.11148489209906753, "fans of thriller": -0.03381196899363386, "fans of action": -0.05341243367828571, "fans of fantasy": -0.00032433908512127243, "fans of film-noir": 0.02892418504521792, "fans of drama": -0.10298163664378177, "fans of animation": -0.14323429548435213, "fans of crime": -0.11560662095223381, "fans of horror": -0.2369806881583906, "fans of adventure": 0.0033253749708802268, "fans of sci-fi": -0.15775289852786445, "fans of children's": -0.003716835187188788}, "nb": {"female users": -0.13069019056499814, "male users": -0.6819315076093885, "bottom 10% contributors": -0.031542287284574776, "power users": -0.5064645666991994, "25-34": -0.3196678741358701, "18-24": -0.14981290493905985, "50-55": -0.058143592908008926, "under 18": -0.03274451927642305, "35-44": -0.136118188124229, "45-49": -0.06297731132713016, "56+": -0.02862149670893766, "farmer": -0.03452718927364071, "executive/managerial": -0.0894374356658835, "academic/educator": -0.06923419290149711, "writer": -0.07772820620862193, "sales/marketing": -0.059859181836272146, "programmer": -0.05323804348324264, "self-employed": -0.04968912315302284, "college/grad student": -0.10127601663129963, "lawyer": -0.03962809166577934, "unemployed": -0.034507784413546766, "retired": -0.01578638925435167, "clerical/admin": -0.03275108276472873, "customer service": -0.040503411282555614, "k-12 student": -0.028646852193933613, "homemaker": -0.0356125886816849, "doctor/health care": -0.05532161759292851, "technician/engineer": -0.06617512107068346, "other": -0.10290130924817317, "scientist": -0.03923422735997453, "artist": -0.05983139891122169, "tradesman/craftsman": -0.04255808972984165, "fans of documentary": -0.07859324609453548, "fans of war": -0.21368229473160394, "fans of western": -0.07242702832467816, "fans of mystery": -0.09607901005974276, "fans of comedy": -0.07487257656187679, "fans of romance": -0.10112776342633531, "fans of musical": -0.1065434534902163, "fans of thriller": -0.10448931949793712, "fans of action": -0.07755018656420654, "fans of fantasy": -0.0658657426027632, "fans of film-noir": -0.148285074916708, "fans of drama": -0.16796432527502256, "fans of animation": -0.10670836875497387, "fans of crime": -0.13773230134840825, "fans of horror": -0.045493982974774826, "fans of adventure": -0.06786575440900706, "fans of sci-fi": -0.059282614605960904, "fans of children's": -0.07431531877747005}, "not-like": {"female users": -0.08929877792835414, "male users": -0.6415628133505276, "bottom 10% contributors": -0.032478737969039516, "power users": -0.4455063431857616, "25-34": -0.29940680041373996, "18-24": -0.12605829483136577, "50-55": -0.05892000331916084, "under 18": -0.029421744760707608, "35-44": -0.11950293543177429, "45-49": -0.06036743471582111, "56+": -0.02512665689335888, "farmer": -0.03584283852320052, "executive/managerial": -0.09159054555697616, "academic/educator": -0.06918499899358425, "writer": -0.08037593698507556, "sales/marketing": -0.05263843031443425, "programmer": -0.054703601161016836, "self-employed": -0.048560333106330664, "college/grad student": -0.0932415632150767, "lawyer": -0.03798290998693373, "unemployed": -0.03150478886444027, "retired": -0.014186809348913082, "clerical/admin": -0.03306632541677, "customer service": -0.04131895182454439, "k-12 student": -0.02598976042521318, "homemaker": -0.0357125818697311, "doctor/health care": -0.05594421143295716, "technician/engineer": -0.06673970967225398, "other": -0.10083479563669054, "scientist": -0.040116841814159705, "artist": -0.06643627550562367, "tradesman/craftsman": -0.043952786950773794, "fans of documentary": -0.07843803578701951, "fans of war": -0.23796486582961052, "fans of western": -0.07469433338329184, "fans of mystery": -0.09698548645684077, "fans of comedy": -0.0843895774144072, "fans of romance": -0.10596537224976137, "fans of musical": -0.10605447337313074, "fans of thriller": -0.11600008329813123, "fans of action": -0.0802493414692917, "fans of fantasy": -0.06820723071189125, "fans of film-noir": -0.16322407648415832, "fans of drama": -0.19045666313546872, "fans of animation": -0.10340169045309913, "fans of crime": -0.14143555743218086, "fans of horror": -0.03781486115556747, "fans of adventure": -0.07442833299669374, "fans of sci-fi": -0.050269407303929016, "fans of children's": -0.07910237498532172}}