{"lb": {"male users": 1.3153623949482025, "female users": 1.8368514046725668, "bottom 10% contributors": 123.04224880931612, "power users": 3.1925183887670436, "35-44": 2.0412499412350025, "18-24": 2.850362085090906, "56+": 3.9884940847333437, "50-55": 5.268721904818875, "under 18": 28.254514004861747, "45-49": 4.353954131140951, "25-34": 1.2660611831372997, "technician/engineer": 4.871883716659614, "other": 3.317203451917432, "writer": -3.562858858090696, "customer service": 39.33366428261895, "college/grad student": 0.21248770508596296, "homemaker": 28.565025418920825, "academic/educator": 0.9472920394122971, "tradesman/craftsman": -14.603822020270243, "retired": -8.05271308958897, "sales/marketing": -10.621083674033832, "lawyer": 5.247914323078464, "unemployed": -1.8741598386492657, "clerical/admin": -15.745162705551946, "artist": 0.4250761871571424, "executive/managerial": 1.6651435404309458, "scientist": -29.30415842718953, "doctor/health care": 18.14993188666887, "programmer": 0.09001934296337953, "k-12 student": 34.74854823526483, "farmer": 86.40865092659821, "self-employed": 1.490205206818944, "fans of documentary": 12.1271001752936, "fans of adventure": 3.4345772747166716, "fans of western": -0.6889023609095747, "fans of crime": 2.3990178203946164, "fans of fantasy": 6.998267626286452, "fans of sci-fi": 6.315883527429528, "fans of horror": 4.903116431137775, "fans of drama": 0.9546620904808828, "fans of action": 2.0012011107836014, "fans of comedy": 0.9456350297432298, "fans of thriller": 2.221265111847962, "fans of musical": 2.1790866963158693, "fans of romance": 2.3988355779058015, "fans of animation": 0.7852372241095321, "fans of film-noir": 7.150912478403609, "fans of children's": 3.7357201475562722, "fans of war": 1.581350974684429, "fans of mystery": 5.7572367622539}, "nb": {"male users": 1.1037525659881051, "female users": 0.8189799031262375, "bottom 10% contributors": -0.35078652033834323, "power users": 1.9219657974527684, "35-44": 1.0938295876624033, "18-24": 1.3833196977475932, "56+": -0.24985036308180447, "50-55": 1.0077767681603076, "under 18": 0.02487955381315747, "45-49": 1.1096856553862546, "25-34": 1.0907840853420248, "technician/engineer": 1.0745994040039732, "other": 1.0461057000106597, "writer": 1.2977430705098856, "customer service": 0.0324502972439743, "college/grad student": 1.2118538668562613, "homemaker": -0.4158911364980974, "academic/educator": 1.0545781972088564, "tradesman/craftsman": -0.19686733545491944, "retired": -0.45849024506604596, "sales/marketing": 1.2365006017805282, "lawyer": 0.5064948755050948, "unemployed": 0.17465938153588326, "clerical/admin": 0.49067287052211694, "artist": 0.6722298922009121, "executive/managerial": 1.0827245285647056, "scientist": 0.44682781103235225, "doctor/health care": 0.7950867933341985, "programmer": 1.1681632810789333, "k-12 student": -0.7757732500745306, "farmer": 0.4660778722223173, "self-employed": 0.8751031118392857, "fans of documentary": 1.4751755791202705, "fans of adventure": 0.5083942425256862, "fans of western": 1.4096870164681408, "fans of crime": 1.0364003597520712, "fans of fantasy": 0.649300948042422, "fans of sci-fi": 0.36213651798171725, "fans of horror": 0.9909506871638694, "fans of drama": 0.5171990454431326, "fans of action": 0.46134953343034935, "fans of comedy": 0.19123626447333675, "fans of thriller": 0.6666407528504121, "fans of musical": 1.2233746703605812, "fans of romance": 0.9297148214946054, "fans of animation": 1.1820045286909198, "fans of film-noir": 1.5773037533485257, "fans of children's": 0.6728110818285493, "fans of war": 1.0754206735425504, "fans of mystery": 1.4383299576249295}}