{"lb": {"female users": -0.07584222634311277, "male users": -0.06495540583386639, "bottom 10% contributors": -1.165898456682662, "power users": -0.17160899698727078, "18-24": -0.07422645573381648, "50-55": -0.08478266186702534, "under 18": -0.3238456659474422, "56+": -0.056760111460816325, "35-44": -0.05291675983953624, "45-49": -0.07340881502334753, "25-34": -0.024862169783425536, "technician/engineer": -0.07587642361101839, "k-12 student": -0.38292186493328445, "retired": 0.07101097133003835, "customer service": -0.41496029200860923, "homemaker": -0.25942917693764345, "unemployed": 0.0194582653264769, "college/grad student": 0.03473085400089548, "sales/marketing": 0.18125179433388316, "tradesman/craftsman": 0.1315197912627244, "farmer": -0.6671422822242367, "other": -0.07791040166488448, "artist": 0.003849788854826925, "academic/educator": 0.0024312017968756774, "lawyer": -0.04911752514640094, "doctor/health care": -0.22790064299734622, "clerical/admin": 0.197728386057877, "programmer": 0.0183257939777578, "writer": 0.08476284966873182, "executive/managerial": -0.01602541212569883, "self-employed": -0.00911094732622441, "scientist": 0.31898281350047825, "fans of musical": -0.03017192104612388, "fans of western": 0.033421336665234544, "fans of thriller": -0.06844221095227779, "fans of film-noir": -0.18254269867575848, "fans of adventure": -0.07834766365025918, "fans of action": -0.05034776084376496, "fans of romance": -0.05842880243947232, "fans of horror": -0.05901679041946104, "fans of drama": -0.039945490102568544, "fans of mystery": -0.12026763165519014, "fans of comedy": -0.030208322279931695, "fans of crime": -0.0664415480117897, "fans of documentary": -0.1524936080835349, "fans of animation": 0.012914031850264594, "fans of children's": -0.07075534277333252, "fans of war": -0.04217143120816286, "fans of fantasy": -0.09266760207328283, "fans of sci-fi": -0.15965960118571598}, "nb": {"female users": 0.013482576542404881, "male users": -0.03184777171835668, "bottom 10% contributors": 0.01283670118029428, "power users": -0.1245272666532396, "18-24": -0.019391159063655274, "50-55": -0.00011294618969205292, "under 18": 0.011252149393913108, "56+": 0.0167972521040586, "35-44": -0.005240347912050615, "45-49": -0.002445872488354376, "25-34": -0.012877394575258078, "technician/engineer": -0.0014490246328382472, "k-12 student": 0.019209614940268176, "retired": 0.013711840372204583, "customer service": 0.010284976059888954, "homemaker": 0.012750379725016, "unemployed": 0.007911907265154061, "college/grad student": -0.007345290199001639, "sales/marketing": -0.003561602321852056, "tradesman/craftsman": 0.01100104562549114, "farmer": 0.0042258033390620234, "other": -0.001563841211908376, "artist": 0.005158169711248516, "academic/educator": -0.001200843967822711, "lawyer": 0.005182250718701224, "doctor/health care": 0.0027509328422286056, "clerical/admin": 0.006266085984235821, "programmer": -0.002809568881686972, "writer": -0.005144596089077854, "executive/managerial": -0.0022488916276873355, "self-employed": 0.0019048354813838812, "scientist": 0.005999486527786717, "fans of musical": -0.007030653941325793, "fans of western": -0.00647283690977964, "fans of thriller": 0.01468408874596307, "fans of film-noir": -0.018887674536733963, "fans of adventure": 0.013191067643443365, "fans of action": 0.017631777983884274, "fans of romance": 0.0028071332211549588, "fans of horror": 0.00019056778905258108, "fans of drama": 0.044079645926616305, "fans of mystery": -0.012179323114716367, "fans of comedy": 0.0323967852193053, "fans of crime": -0.0017704584323447112, "fans of documentary": -0.006746308198454804, "fans of animation": -0.005903886821493273, "fans of children's": 0.007593370638446138, "fans of war": -0.006292653349602856, "fans of fantasy": 0.005174186032080533, "fans of sci-fi": 0.01713377000351089}}