{"lb": {"female users": -0.07584222634311277, "male users": -0.06495540583386639, "bottom 10% contributors": -1.165898456682662, "power users": -0.17160899698727078, "under 18": -0.3238456659474422, "45-49": -0.07340881502334753, "50-55": -0.08478266186702534, "18-24": -0.07422645573381648, "25-34": -0.024862169783425536, "56+": -0.056760111460816325, "35-44": -0.05291675983953624, "tradesman/craftsman": 0.1315197912627244, "sales/marketing": 0.18125179433388316, "scientist": 0.31898281350047825, "doctor/health care": -0.22790064299734622, "self-employed": -0.00911094732622441, "college/grad student": 0.03473085400089548, "retired": 0.07101097133003835, "k-12 student": -0.38292186493328445, "other": -0.07791040166488448, "writer": 0.08476284966873182, "farmer": -0.6671422822242367, "technician/engineer": -0.07587642361101839, "executive/managerial": -0.01602541212569883, "clerical/admin": 0.197728386057877, "programmer": 0.0183257939777578, "customer service": -0.41496029200860923, "artist": 0.003849788854826925, "homemaker": -0.25942917693764345, "lawyer": -0.04911752514640094, "academic/educator": 0.0024312017968756774, "unemployed": 0.0194582653264769, "fans of fantasy": -0.09266760207328283, "fans of sci-fi": -0.15965960118571598, "fans of war": -0.04217143120816286, "fans of horror": -0.05901679041946104, "fans of children's": -0.07075534277333252, "fans of animation": 0.012914031850264594, "fans of western": 0.033421336665234544, "fans of comedy": -0.030208322279931695, "fans of adventure": -0.07834766365025918, "fans of documentary": -0.1524936080835349, "fans of crime": -0.0664415480117897, "fans of film-noir": -0.18254269867575848, "fans of musical": -0.03017192104612388, "fans of thriller": -0.06844221095227779, "fans of mystery": -0.12026763165519014, "fans of action": -0.05034776084376496, "fans of romance": -0.05842880243947232, "fans of drama": -0.039945490102568544}, "nb": {"female users": 0.01588594338840854, "male users": -0.029767730051994568, "bottom 10% contributors": 0.0143480076739544, "power users": -0.12431846497612864, "under 18": 0.013920802139677288, "45-49": 0.003059896017351779, "50-55": 0.005087361225930776, "18-24": -0.017673172596715393, "25-34": -0.012835709764734166, "56+": 0.020324369507827907, "35-44": -0.004630291738564309, "tradesman/craftsman": 0.012296110380660563, "sales/marketing": 0.000621994690184046, "scientist": 0.008273525144186835, "doctor/health care": 0.006169947230472511, "self-employed": 0.005939663012382666, "college/grad student": -0.0022888373396222003, "retired": 0.015157817381625638, "k-12 student": 0.02151429271376404, "other": 0.0035385202238400817, "writer": -0.0003944545060084112, "farmer": 0.004505147970074931, "technician/engineer": 0.003763824007964066, "executive/managerial": 0.0033756686937354216, "clerical/admin": 0.009273679863466657, "programmer": 0.001842703072606526, "customer service": 0.012466078093569432, "artist": 0.00942795609777556, "homemaker": 0.0139249677128493, "lawyer": 0.007250507785944059, "academic/educator": 0.004306438773386271, "unemployed": 0.009451044240427087, "fans of fantasy": 0.00913821626165844, "fans of sci-fi": 0.02277744712126791, "fans of war": -0.0036109274246000633, "fans of horror": 0.004312796729197181, "fans of children's": 0.013133735661121526, "fans of animation": -0.0005999007774971019, "fans of western": -0.0021020346226051888, "fans of comedy": 0.03661068164877014, "fans of adventure": 0.018835042613003252, "fans of documentary": -0.0028798010759641703, "fans of crime": 0.00045175589750515166, "fans of film-noir": -0.013602919547453816, "fans of musical": -0.0016311413302066424, "fans of thriller": 0.01806995855247973, "fans of mystery": -0.0065594174533038785, "fans of action": 0.022929740735669592, "fans of romance": 0.00707012397924963, "fans of drama": 0.04659058708695867}}