{"lb": {"female users": -1.4747483758751778, "male users": -1.0892958653136988, "power users": -8.380888086367383, "bottom 10% contributors": 0.829037014155175, "50-55": -0.5351380457878734, "18-24": -2.2830566063396796, "25-34": -1.22144904056389, "56+": -3.068009933197904, "under 18": -7.952264845397265, "45-49": -1.4341935700712285, "35-44": -1.4930014396233178, "programmer": -0.5662850319894475, "sales/marketing": -6.692793527218177, "executive/managerial": -0.4586738905101323, "customer service": 2.2808193538932793, "retired": -10.466657250319377, "doctor/health care": 0.1551351923973259, "k-12 student": -9.559079185854575, "farmer": 345.27152387534846, "writer": 0.5545320403771291, "scientist": 2.024169001925544, "college/grad student": -1.8744922978270782, "academic/educator": -1.0211098181908713, "self-employed": -2.7697889851922426, "homemaker": -0.2681747954890148, "technician/engineer": -0.6391975461067095, "lawyer": -10.519224724745706, "tradesman/craftsman": 15.536356163044584, "clerical/admin": 0.5170547704748312, "unemployed": -47.04453902797869, "artist": 3.740413562221798, "other": -1.268318287127495, "fans of sci-fi": -1.614248903594113, "fans of drama": -0.3475055818047291, "fans of comedy": -0.045329261516386304, "fans of thriller": -0.22289490744117127, "fans of animation": -2.4807624374801565, "fans of fantasy": -0.3975077131382946, "fans of children's": -0.011484398974494055, "fans of action": -0.4205726123682111, "fans of adventure": -0.0058151876834404695, "fans of war": -0.8161912191133961, "fans of documentary": -7.312227783221323, "fans of horror": -8.38176286753592, "fans of film-noir": 0.515849153239282, "fans of mystery": -1.6114638457895498, "fans of crime": -1.0381601900406554, "fans of western": 0.35835048398768815, "fans of romance": -0.5054386238940483, "fans of musical": -2.25424430076758}, "nb": {"female users": 0.01762488635306292, "male users": -0.043542778501997115, "power users": -0.1276183047021317, "bottom 10% contributors": 0.0016436276124370472, "50-55": -0.0005556298108483071, "18-24": -0.017668978014962936, "25-34": -0.017611782059660852, "56+": 0.008092719758232517, "under 18": 0.0034921067179677114, "45-49": -0.00011210549605058379, "35-44": -0.004621933957264429, "programmer": 0.0005203891394079743, "sales/marketing": -0.005006453520615978, "executive/managerial": -0.007401948018527643, "customer service": -0.0027342406750094257, "retired": 0.008990810064200196, "doctor/health care": -0.00563287154451694, "k-12 student": 0.0009833943847640456, "farmer": -0.0008713594462279178, "writer": -0.01386443849794889, "scientist": 0.0002290247545243991, "college/grad student": -0.007633306103359695, "academic/educator": -0.004577659169414099, "self-employed": -0.0020294695707444993, "homemaker": 0.00010121346664760181, "technician/engineer": -0.006618092134374878, "lawyer": -0.001268026706773888, "tradesman/craftsman": -0.0022372506695500158, "clerical/admin": 0.0028274760194046157, "unemployed": -0.0005702459614592009, "artist": -0.007319904879515074, "other": -0.00797505746854394, "fans of sci-fi": 0.005565752360694114, "fans of drama": 0.01027304820612479, "fans of comedy": 0.015917177453529954, "fans of thriller": -0.001185586711087011, "fans of animation": -0.014824445309554644, "fans of fantasy": -0.008851918436708513, "fans of children's": -0.006701713950650258, "fans of action": 0.003490405722914751, "fans of adventure": 0.001498400000495885, "fans of war": -0.015274702312526353, "fans of documentary": -0.01868098038052641, "fans of horror": 0.0028187863499896035, "fans of film-noir": -0.0380637072082525, "fans of mystery": -0.014632894641357731, "fans of crime": -0.014945652388003147, "fans of western": -0.01276076191719078, "fans of romance": -0.0021710907150436914, "fans of musical": -0.015896988044210456}}