{"lb": {"male users": 1.1052602797230244, "female users": 4.2386711148806855, "power users": 1.7074285182299729, "bottom 10% contributors": -2.378131732519876, "18-24": 3.004579969691666, "25-34": 1.2849150432795284, "45-49": 1.9635283782496864, "50-55": 0.6769462474128377, "56+": 6.972284363448531, "under 18": 9.016642055835856, "35-44": 2.237831339084171, "academic/educator": 1.1438679461580734, "farmer": -24.859979965743133, "writer": -0.2911066124726536, "k-12 student": 8.592787075147285, "clerical/admin": -0.36749036078092095, "programmer": 0.6526821587406093, "tradesman/craftsman": -4.18495109611923, "sales/marketing": 6.07835818682198, "lawyer": 5.467051410568519, "customer service": -0.8960974925814327, "retired": 13.657355470281145, "other": 1.3817212923084112, "technician/engineer": 0.6867325650312788, "unemployed": 15.635411750536353, "scientist": -1.1529906004237662, "executive/managerial": 0.5297496923398696, "college/grad student": 2.305404653154335, "doctor/health care": -0.10177548342266234, "artist": -2.257956989076259, "homemaker": 0.11091129326413925, "self-employed": 2.0407636304216186, "fans of drama": 0.5388114340447567, "fans of documentary": 1.2269899579464614, "fans of romance": 0.5886732386603182, "fans of mystery": 0.7755776421463059, "fans of action": 0.7623831892433915, "fans of crime": 0.763151073242444, "fans of horror": 7.164562492182608, "fans of animation": 1.311509702672208, "fans of comedy": 0.10148062122461624, "fans of war": 0.5366698391506257, "fans of fantasy": 0.1308892125778648, "fans of children's": 0.007241274646600573, "fans of sci-fi": 2.9747627870138804, "fans of thriller": 0.2936639772504764, "fans of adventure": 0.007202708846046949, "fans of western": -0.10046773307504, "fans of film-noir": -0.13372344000389966, "fans of musical": 1.1727288387256827}, "nb": {"male users": 1.131103438167972, "female users": 0.8033388838037916, "power users": 1.8429929963860483, "bottom 10% contributors": 0.9135838276765479, "18-24": 1.2724120828409136, "25-34": 1.1111226778139545, "45-49": 1.0032417892701855, "50-55": 1.0176530515772986, "56+": 0.660824396681801, "under 18": 0.8378078938382075, "35-44": 1.0656860640989922, "academic/educator": 1.1322289715192715, "farmer": 1.0516584693072597, "writer": 1.4841342676061633, "k-12 student": 0.9524431161854863, "clerical/admin": 0.8737342860098126, "programmer": 0.9814970260517913, "tradesman/craftsman": 1.12018124173839, "sales/marketing": 1.1917114987599957, "lawyer": 1.0629043214961924, "customer service": 1.1339985645543464, "retired": 0.5242004607723858, "other": 1.167937071366139, "technician/engineer": 1.2096226534532821, "unemployed": 1.0298866618073497, "scientist": 0.98888636376998, "executive/managerial": 1.1848258882794147, "college/grad student": 1.159105493465784, "doctor/health care": 1.2392269198661163, "artist": 1.2766672790303935, "homemaker": 0.9944967175185977, "self-employed": 1.0794186277105495, "fans of drama": 0.9037056980365591, "fans of documentary": 1.748306741642492, "fans of romance": 1.0406691951071063, "fans of mystery": 1.3620556611286065, "fans of action": 0.9236931860303491, "fans of crime": 1.2374891791662699, "fans of horror": 0.8910735340069126, "fans of animation": 1.3252548491301521, "fans of comedy": 0.7034554219198844, "fans of war": 1.1548685602603226, "fans of fantasy": 1.349914279321662, "fans of children's": 1.190844664075252, "fans of sci-fi": 0.8582875415825545, "fans of thriller": 1.020468654529238, "fans of adventure": 0.9618031179389243, "fans of western": 1.4749320846464316, "fans of film-noir": 1.8310904541526845, "fans of musical": 1.3571490585810584}}