{"lb": {"female users": -2.677036568639719, "male users": -1.9773440087922052, "bottom 10% contributors": 1.5049092034647775, "power users": -15.213404708154373, "25-34": -2.217235022468804, "18-24": -4.1443178534228275, "50-55": -0.9714091849698613, "under 18": -14.4353464922469, "35-44": -2.710170437401897, "45-49": -2.603419468972241, "56+": -5.56920415609656, "farmer": 696.2437401689634, "executive/managerial": -0.9451642830596336, "academic/educator": -1.694068011764688, "writer": 0.4862075283816414, "sales/marketing": -13.323202080366801, "programmer": -0.1846349274340339, "self-employed": -5.014664894177432, "college/grad student": -3.402084757656591, "lawyer": -17.119867405021463, "unemployed": -79.95238671697562, "retired": -18.745699715856322, "clerical/admin": -0.8181026794011742, "customer service": 3.738644906654484, "k-12 student": -14.949077858955043, "homemaker": -3.06724433905148, "doctor/health care": -1.027932600662648, "technician/engineer": -1.28017845339441, "other": -2.248410397615917, "scientist": 2.6706767400098084, "artist": 9.011840742457995, "tradesman/craftsman": 34.03731033140628, "fans of documentary": -11.978221361274864, "fans of war": -1.4958474445551169, "fans of western": -1.328006861450715, "fans of mystery": -3.188057707495029, "fans of comedy": -0.13328606423498612, "fans of romance": -0.9868984984751327, "fans of musical": -3.600902397210524, "fans of thriller": -0.39123427724434584, "fans of action": -0.6806141337908135, "fans of fantasy": -0.027985829630464074, "fans of film-noir": 1.213208872729974, "fans of drama": -0.6074307473910566, "fans of animation": -4.601782684710036, "fans of crime": -1.9504580741661794, "fans of horror": -14.910034963298742, "fans of adventure": 0.06521189877959926, "fans of sci-fi": -2.9590916369823024, "fans of children's": -0.13205696782717813}, "nb": {"female users": 0.03199356992494978, "male users": -0.07904101625529913, "bottom 10% contributors": 0.0029835945546364193, "power users": -0.2316590912077932, "25-34": -0.03196978236008957, "18-24": -0.03207360730163669, "50-55": -0.0010086068556505179, "under 18": 0.006339045723677647, "35-44": -0.008389964297530916, "45-49": -0.0002034994697279746, "56+": 0.014690307232706808, "farmer": -0.003930704365976305, "executive/managerial": -0.01655217753776611, "academic/educator": -0.006496663693732113, "writer": -0.02584354653172282, "sales/marketing": -0.012531478932772754, "programmer": -0.002045740934405252, "self-employed": -0.0033276084264644012, "college/grad student": -0.014053291396067952, "lawyer": -0.0029890170705912933, "unemployed": 0.00010925690095832385, "retired": 0.01852309979232515, "clerical/admin": 0.007900211770011524, "customer service": -0.003454474902857628, "k-12 student": 0.008893006339061274, "homemaker": -0.002233658397474178, "doctor/health care": -0.01258518267451842, "technician/engineer": -0.008600415016274544, "other": -0.016544918427483638, "scientist": -0.001725228376276547, "artist": -0.011703060880881307, "tradesman/craftsman": -0.008774900329265208, "fans of documentary": -0.03320111483648619, "fans of war": -0.034869246705007656, "fans of western": -0.023632495657472274, "fans of mystery": -0.022519608909238265, "fans of comedy": 0.022392674226466222, "fans of romance": -0.004236600976689403, "fans of musical": -0.025867486455306773, "fans of thriller": 0.0006816278119023689, "fans of action": 0.005488117841375595, "fans of fantasy": -0.01983975158615412, "fans of film-noir": -0.0650269164648666, "fans of drama": 0.025100937740419327, "fans of animation": -0.023779769261514996, "fans of crime": -0.02342522272198347, "fans of horror": 0.0016414571240734102, "fans of adventure": 0.0032379886643394556, "fans of sci-fi": 0.011778547941825132, "fans of children's": -0.010682588800541876}}