{"lb": {"female users": 1.8369830883166094, "male users": 1.3153626277453654, "bottom 10% contributors": 122.09144402764606, "power users": 3.1925335614011177, "18-24": 2.8501773776103776, "50-55": 5.257678671285426, "under 18": 28.093546809430794, "56+": 3.9709415030435258, "35-44": 2.0412366143494483, "45-49": 4.347036009972361, "25-34": 1.2660623546219316, "technician/engineer": 4.861761352776288, "k-12 student": 34.52977307617827, "retired": -7.989486365763473, "customer service": 39.07776632642262, "homemaker": 28.325452377759188, "unemployed": -1.8597876425230186, "college/grad student": 0.21238233444750074, "sales/marketing": -10.584052485070671, "tradesman/craftsman": -14.484895936674004, "farmer": 85.51467032057285, "other": 3.315480936480368, "artist": 0.4236439667087593, "academic/educator": 0.9457917065727814, "lawyer": 5.21273571348951, "doctor/health care": 18.067312276224893, "clerical/admin": -15.66382781903581, "programmer": 0.08976167329516771, "writer": -3.55314557160329, "executive/managerial": 1.6634933327548296, "self-employed": 1.4847070939675746, "scientist": -29.118101085970544, "fans of musical": 2.1776170682961986, "fans of western": -0.686673925540032, "fans of thriller": 2.2208628080231767, "fans of film-noir": 7.146602910434684, "fans of adventure": 3.4309287867682046, "fans of action": 1.9999904859094215, "fans of romance": 2.398123929508657, "fans of horror": 4.885610113164745, "fans of drama": 0.9547219524624361, "fans of mystery": 5.751710935861346, "fans of comedy": 0.9453627902882424, "fans of crime": 2.3987998005368896, "fans of documentary": 12.079566293520633, "fans of animation": 0.7847545459744344, "fans of children's": 3.7300561772855283, "fans of war": 1.5814652120055122, "fans of fantasy": 6.971763068037882, "fans of sci-fi": 6.309201164582724}, "nb": {"female users": 0.8190386156915364, "male users": 1.1037527613338642, "bottom 10% contributors": -0.34807582946499954, "power users": 1.9219749317098647, "18-24": 1.3832300566814733, "50-55": 1.0056644695039294, "under 18": 0.024737813912758252, "56+": -0.24875082054393027, "35-44": 1.093822446282293, "45-49": 1.1079224443849947, "25-34": 1.0907850946430044, "technician/engineer": 1.0723666975543225, "k-12 student": -0.7708890196585989, "retired": -0.4548903606818682, "customer service": 0.032239181272601, "homemaker": -0.4124030841367989, "unemployed": 0.17331998729908654, "college/grad student": 1.211252920012669, "sales/marketing": 1.232189451539848, "tradesman/craftsman": -0.195264148209746, "farmer": 0.4612558483370206, "other": 1.045562491478778, "artist": 0.6699649302324154, "academic/educator": 1.0529079432266828, "lawyer": 0.5030996627810905, "doctor/health care": 0.7914675091658281, "clerical/admin": 0.4881381985732275, "programmer": 1.1648195525518845, "writer": 1.2942050829743186, "executive/managerial": 1.0816515157674458, "self-employed": 0.8718744184731233, "scientist": 0.44399082137063095, "fans of musical": 1.2225495973163756, "fans of western": 1.4051270140850236, "fans of thriller": 0.666520014392315, "fans of film-noir": 1.5763531756770433, "fans of adventure": 0.5078541847198598, "fans of action": 0.4610704404307241, "fans of romance": 0.9294390084840716, "fans of horror": 0.9874125501302647, "fans of drama": 0.5172314763524841, "fans of mystery": 1.4369494408997614, "fans of comedy": 0.1911812093465949, "fans of crime": 1.03630617293234, "fans of documentary": 1.4693934201079184, "fans of animation": 1.1812779613249464, "fans of children's": 0.6717909888304705, "fans of war": 1.0754983622901781, "fans of fantasy": 0.6468418487742543, "fans of sci-fi": 0.36175336848209105}}