{"lb": {"female users": -0.2085157471850003, "male users": -0.3906315967333562, "power users": -0.4190444043183692, "bottom 10% contributors": 0.04254991297816295, "50-55": -0.02197255552241599, "18-24": -0.2086502064072025, "25-34": -0.21193354213757562, "56+": -0.09651024624298042, "under 18": -0.1461426155362742, "45-49": -0.06529854830622314, "35-44": -0.14732265861183735, "programmer": -0.018188625199661065, "sales/marketing": -0.16731983818045443, "executive/managerial": -0.02581939118765645, "customer service": 0.0211466695062953, "retired": -0.12303520939944963, "doctor/health care": 0.003030786871338487, "k-12 student": -0.15509764241949472, "farmer": 0.4573132766560905, "writer": 0.012853391664370543, "scientist": 0.02412916691037072, "college/grad student": -0.11793163463150493, "academic/educator": -0.04463129006662088, "self-employed": -0.05502892023560747, "homemaker": -0.0020423908265719674, "technician/engineer": -0.026562679482249024, "lawyer": -0.11146198383836507, "tradesman/craftsman": 0.09002855392492724, "clerical/admin": 0.007362038122654879, "unemployed": -0.2803979147362968, "artist": 0.0829826849896889, "other": -0.0747551838108259, "fans of sci-fi": -0.08605764022471925, "fans of drama": -0.05891485360398055, "fans of comedy": -0.004352809880712592, "fans of thriller": -0.019263434053690628, "fans of animation": -0.07721578447785916, "fans of fantasy": -0.004606877470145799, "fans of children's": -0.0003232363949774816, "fans of action": -0.03300520169909472, "fans of adventure": -0.0002965360606787523, "fans of war": -0.06783576026406041, "fans of documentary": -0.05326788451353284, "fans of horror": -0.1332200720667961, "fans of film-noir": 0.012298390408353743, "fans of mystery": -0.04348817994432062, "fans of crime": -0.06153333576731036, "fans of western": 0.004153068523036122, "fans of romance": -0.03447693924575295, "fans of musical": -0.06979200070257241}, "nb": {"female users": -0.07199570918692487, "male users": -0.37566815301894485, "power users": -0.2790054517475253, "bottom 10% contributors": -0.017376279984083864, "50-55": -0.03203063051626684, "18-24": -0.08253019059664364, "25-34": -0.17610132178392032, "56+": -0.01576725035477212, "under 18": -0.018038575635242762, "45-49": -0.034693469893040535, "35-44": -0.0749859300447586, "programmer": -0.02760423238709002, "sales/marketing": -0.031120972227099593, "executive/managerial": -0.047450169008747045, "customer service": -0.023139240415886803, "retired": -0.009905404250751405, "doctor/health care": -0.029179015714534805, "k-12 student": -0.019694881942163064, "farmer": -0.017739057190911536, "writer": -0.04250202816187113, "scientist": -0.020378519867621757, "college/grad student": -0.05560968917526926, "academic/educator": -0.039196843730997764, "self-employed": -0.027583544593812067, "homemaker": -0.018290258711945305, "technician/engineer": -0.03818954696213178, "lawyer": -0.02142604886826562, "tradesman/craftsman": -0.02085289015861439, "clerical/admin": -0.01956558643636529, "unemployed": -0.019650528835972802, "artist": -0.0337773338359436, "other": -0.05546342560351385, "fans of sci-fi": -0.03370921628249314, "fans of drama": -0.09641081570541911, "fans of comedy": -0.03775831901509791, "fans of thriller": -0.05910765039111279, "fans of animation": -0.060402383191804444, "fans of fantasy": -0.034149309711704864, "fans of children's": -0.04181778063830811, "fans of action": -0.04225132481641834, "fans of adventure": -0.03772993277546277, "fans of war": -0.11390480700808656, "fans of documentary": -0.04364531564700098, "fans of horror": -0.023059096718102624, "fans of film-noir": -0.08386342373496829, "fans of mystery": -0.05504904114143934, "fans of crime": -0.07787758234149122, "fans of western": -0.03962936551277771, "fans of romance": -0.05555524816703768, "fans of musical": -0.06040778168137864}, "not-like": {"female users": -0.08929877792835414, "male users": -0.6415628133505276, "power users": -0.4455063431857616, "bottom 10% contributors": -0.032478737969039516, "50-55": -0.05892000331916084, "18-24": -0.12605829483136577, "25-34": -0.29940680041373996, "56+": -0.02512665689335888, "under 18": -0.029421744760707608, "45-49": -0.06036743471582111, "35-44": -0.11950293543177429, "programmer": -0.050586485723985934, "sales/marketing": -0.049968639424385855, "executive/managerial": -0.08847318491393778, "customer service": -0.04283739895164145, "retired": -0.016353065514982654, "doctor/health care": -0.05405658434287494, "k-12 student": -0.03276480013977413, "farmer": -0.03339253676578203, "writer": -0.08014972711946808, "scientist": -0.037988569321534195, "college/grad student": -0.09285804374181218, "academic/educator": -0.07082717619162276, "self-employed": -0.048947967452854485, "homemaker": -0.03342715837348759, "technician/engineer": -0.07021349912396985, "lawyer": -0.03700922474905794, "tradesman/craftsman": -0.03905046990474661, "clerical/admin": -0.036365409894699635, "unemployed": -0.03255381072550971, "artist": -0.06671265041172805, "other": -0.09821034592453336, "fans of sci-fi": -0.05251380296680458, "fans of drama": -0.19848348502279753, "fans of comedy": -0.07786153453720168, "fans of thriller": -0.11907467677350776, "fans of animation": -0.10687372763027712, "fans of fantasy": -0.06389092614189931, "fans of children's": -0.0810292113497005, "fans of action": -0.07858604939741981, "fans of adventure": -0.07473396621556926, "fans of war": -0.22944990660229878, "fans of documentary": -0.07880627835822933, "fans of horror": -0.0337533098612058, "fans of film-noir": -0.16694642076238025, "fans of mystery": -0.1017846595224042, "fans of crime": -0.14636468992282914, "fans of western": -0.07503758889592688, "fans of romance": -0.10631408058201043, "fans of musical": -0.10803001101690592}}