{"mae": 0.812698875475838, "rmse": 1.0275288913787108, "precision10t4": 0.9307920054518958, "recall10t4": 0.2055362703820784, "ndcg10": 0.664026705151757}