{"mae": 0.7703829712654937, "rmse": 0.9750276171229479, "precision10t4": 0.9326502277550978, "recall10t4": 0.22391132711866604, "ndcg10": 0.6746537577430726}