{"mae": 0.7361660464753923, "rmse": 0.9346735401272973, "precision10t4": 0.8659901187606011, "recall10t4": 0.3102594782715514, "ndcg10": 0.7628881035451165}