{"mae": 0.833637405864662, "rmse": 1.0404961532735733, "precision10t4": 0.9032485897498812, "recall10t4": 0.1960031065509314, "ndcg10": 0.6510842910641721}