{"mae": 0.7381707687903449, "rmse": 0.9361849725455098, "precision10t4": 0.8697472863349726, "recall10t4": 0.30890016710283125, "ndcg10": 0.7579936406636971}