{"mae": 0.816920122721338, "rmse": 1.031973675671667, "precision10t4": 0.8176088220946378, "recall10t4": 0.17241508892654975, "ndcg10": 0.6641810255313125}