{"mae": 0.9450957553484862, "rmse": 1.1257207527654844, "precision10t4": 1.0, "recall10t4": 0.0010638297872340426, "ndcg10": 0.38186801005697657}