{"mae": 0.9446555080505364, "rmse": 1.1251368169740528, "precision10t4": 1.0, "recall10t4": 0.001058201058201058, "ndcg10": 0.38178933581671853}