{"mae": 0.9449616671839148, "rmse": 1.1256194190615516, "precision10t4": 1.0, "recall10t4": 0.001058201058201058, "ndcg10": 0.3818135312351267}