{"mae": 0.769909774395905, "rmse": 0.9741146550267491, "precision10t4": 0.9347214851649259, "recall10t4": 0.22384817025780732, "ndcg10": 0.6689987723068095}