{"male users excluded": {"female users excluded": {"implicit": {"euclidean": 4.714870093650514, "cosine": 0.43350160694986795}, "explicit": {"euclidean": 6.272957835024879, "cosine": 0.0005664335507240548}}, "all": {"implicit": {"euclidean": 2.5632011235952596, "cosine": 0.1359718749143829}, "explicit": {"euclidean": 3.5651086939951777, "cosine": 0.00017688017405381729}}}, "female users excluded": {"male users excluded": {"implicit": {"euclidean": 4.714870093650514, "cosine": 0.43350160694986795}, "explicit": {"euclidean": 6.272957835024879, "cosine": 0.0005664335507240548}}, "all": {"implicit": {"euclidean": 3.602776706930365, "cosine": 0.22474908358687717}, "explicit": {"euclidean": 4.793745925682754, "cosine": 0.0003374916047309551}}}, "all": {"male users excluded": {"implicit": {"euclidean": 2.5632011235952596, "cosine": 0.1359718749143829}, "explicit": {"euclidean": 3.5651086939951777, "cosine": 0.00017688017405381729}}, "female users excluded": {"implicit": {"euclidean": 3.602776706930365, "cosine": 0.22474908358687717}, "explicit": {"euclidean": 4.793745925682754, "cosine": 0.0003374916047309551}}}}