{"mae": 0.6854762574964071, "rmse": 0.8734804727500751, "precision10t4": 0.874252634876654, "recall10t4": 0.36487792415549664, "ndcg10": 0.7736226599796885}