{"mae": 0.8123156848663674, "rmse": 1.027075898588215, "precision10t4": 0.930102085988735, "recall10t4": 0.20718160347301287, "ndcg10": 0.663380142001946}