{"mae": 0.7377198392502088, "rmse": 0.9354284722017423, "precision10t4": 0.8710198513852969, "recall10t4": 0.3083268489103308, "ndcg10": 0.7605803266034403}