{"mae": 0.769678439553965, "rmse": 0.9744447060003025, "precision10t4": 0.9378232437787256, "recall10t4": 0.22502246057488628, "ndcg10": 0.6730076481465881}