{"mae": 0.7197215412997366, "rmse": 0.9142070707495087, "precision10t4": 0.9141588551880652, "recall10t4": 0.30093004259554074, "ndcg10": 0.6795354766121102}