{"mae": 0.8340495528415707, "rmse": 1.0411807828825432, "precision10t4": 0.9036597445244091, "recall10t4": 0.1918367746845698, "ndcg10": 0.6491388040380043}