{"mae": 0.773390923782487, "rmse": 0.9794319376143165, "precision10t4": 0.8364752902490992, "recall10t4": 0.33086223876867693, "ndcg10": 0.7741937403129594}