{"mae": 0.6068406414634416, "rmse": 0.768397891965932, "precision10t4": 0.9485498932516476, "recall10t4": 0.1958866677497735, "ndcg10": 0.712111064796254}